POS,Sz100,Sz101,Sz102,Sz103,Sz106,Sz110,Sz111,Sz113,Sz115,Sz12,Sz120,Sz123,Sz124,Sz125,Sz126,Sz127,Sz128,Sz129,Sz13,Sz130,Sz131,Sz133,Sz135,Sz136,Sz137,Sz138,Sz139,Sz14,Sz140,Sz141,Sz142,Sz143,Sz145,Sz146,Sz149,Sz15,Sz151,Sz153,Sz154,Sz155,Sz16,Sz160,Sz162,Sz163,Sz164,Sz166,Sz168,Sz169,Sz172,Sz173,Sz175,Sz181,Sz182,Sz184,Sz185,Sz186,Sz189,Sz190,Sz191,Sz193,Sz194,Sz196,Sz197,Sz199,Sz200,Sz201,Sz202,Sz203,Sz204,Sz205,Sz207,Sz208,Sz209,Sz211,Sz212,Sz213,Sz214,Sz217,Sz218,Sz22,Sz220,Sz223,Sz225,Sz226,Sz228,Sz229,Sz232,Sz233,Sz234,Sz236,Sz238,Sz24,Sz240,Sz241,Sz243,Sz244,Sz246,Sz248,Sz249,Sz252,Sz253,Sz254,Sz257,Sz259,Sz26,Sz261,Sz262,Sz265,Sz266,Sz267,Sz268,Sz27,Sz270,Sz271,Sz272,Sz274,Sz275,Sz281,Sz282,Sz285,Sz287,Sz288,Sz289,Sz29,Sz291,Sz293,Sz298,Sz299,Sz3,Sz30,Sz31,Sz33,Sz37,Sz39,Sz4,Sz40,Sz41,Sz43,Sz45,Sz46,Sz47,Sz48,Sz49,Sz5,Sz52,Sz53,Sz54,Sz56,Sz58,Sz6,Sz60,Sz62,Sz64,Sz65,Sz68,Sz71,Sz75,Sz77,Sz8,Sz80,Sz82,Sz83,Sz84,Sz87,Sz9,Sz90,Sz91,Sz93,Sz97,Sz99
1393,T,N,N,N,N,T,N,N,T,N,N,T,N,T,T,T,T,N,T,N,T,T,T,N,T,N,N,N,T,T,T,N,N,N,N,N,N,N,N,N,T,T,N,N,N,T,N,N,T,N,N,N,T,N,T,N,T,N,N,T,N,T,N,T,T,T,N,N,T,N,T,T,N,N,N,T,N,N,N,T,T,T,T,T,T,T,N,T,N,N,T,T,T,T,N,T,N,T,N,N,T,N,T,T,N,N,T,N,N,N,N,N,T,T,N,N,N,T,T,N,N,N,T,T,T,N,N,N,N,N,N,T,N,N,N,T,N,N,T,N,N,N,N,T,T,T,T,T,T,N,N,T,T,T,N,N,T,N,T,T,N,T,N,T,N,N,T,T,T,N
1399,N,A,N,N,N,N,N,N,N,A,N,N,N,N,N,N,N,A,N,N,N,A,N,A,A,N,N,N,N,N,N,N,N,N,N,N,N,N,N,N,N,N,N,N,N,N,N,A,N,A,N,N,N,N,A,A,N,N,N,T,N,N,N,N,T,N,N,N,N,N,N,N,N,N,A,N,N,A,N,A,N,N,N,N,A,N,N,A,N,N,N,A,N,N,N,N,N,A,N,N,N,N,N,N,N,N,A,N,N,N,N,N,T,N,N,N,N,N,T,N,N,N,A,N,N,N,N,N,A,N,A,T,N,N,N,N,N,N,N,N,N,N,N,N,N,N,N,N,N,N,N,N,A,N,N,N,N,N,N,N,A,N,N,N,N,N,A,N,N,N
1401,N,C,N,N,N,N,N,N,N,C,N,N,N,N,N,N,N,C,N,N,N,C,N,C,C,N,N,N,N,N,N,N,N,N,N,N,N,N,N,N,N,N,N,N,N,N,N,C,N,C,N,N,N,N,C,C,N,N,N,T,N,N,N,N,T,N,N,N,N,N,N,N,N,N,C,N,N,C,N,C,N,N,N,N,C,N,N,C,N,N,N,C,N,N,N,N,N,C,N,N,N,N,N,N,N,N,C,N,N,N,N,N,T,N,N,N,N,N,T,N,N,N,C,N,N,N,N,N,C,N,C,T,N,N,N,N,N,N,N,N,N,N,N,N,N,N,N,N,N,N,N,N,C,N,N,N,N,N,N,N,C,N,N,N,N,N,C,N,N,N
1431,C,C,C,C,C,C,C,C,C,C,C,C,C,C,C,C,C,C,C,C,C,C,C,C,C,C,C,C,C,C,C,C,C,C,N,C,N,C,C,C,C,C,C,C,N,C,C,C,C,N,C,C,C,C,C,C,C,C,C,C,C,C,C,C,C,C,C,C,C,C,C,C,C,C,C,C,C,C,C,C,C,C,C,C,C,C,C,C,C,C,C,C,C,C,C,C,C,C,C,C,C,C,C,C,C,C,C,C,C,C,C,C,C,C,C,C,C,C,C,C,C,C,C,C,C,C,C,C,C,C,C,C,C,C,C,C,C,C,C,C,C,C,C,C,C,C,C,C,C,C,C,C,C,C,C,C,C,N,C,C,C,C,C,C,C,C,C,C,C,C
1449,A,A,A,A,A,A,A,A,A,A,A,A,A,A,A,A,A,A,A,A,A,A,A,A,A,N,A,A,A,A,A,A,A,N,A,A,A,A,A,N,A,A,A,N,A,A,A,A,A,A,A,A,A,A,A,A,A,A,A,A,N,A,A,A,A,A,A,A,A,A,A,A,A,A,A,A,A,A,A,A,A,A,A,A,A,A,A,A,A,A,A,A,A,A,A,A,N,A,N,A,A,A,A,A,A,A,A,A,A,A,A,A,A,A,A,A,N,A,A,A,A,A,A,A,A,A,A,A,A,A,A,A,A,A,N,A,A,A,A,A,A,A,A,A,A,A,A,A,A,A,A,A,A,A,A,N,A,A,A,A,N,A,A,A,A,A,A,A,A,A
2635,C,C,C,C,C,C,C,C,C,C,C,C,C,C,C,C,C,C,C,C,C,C,C,C,C,C,C,C,C,C,C,C,C,C,C,C,C,C,C,C,C,C,C,C,C,C,C,C,C,C,C,C,C,C,C,C,C,C,C,C,C,C,C,C,C,C,C,C,C,C,C,C,C,C,C,C,C,C,C,C,C,C,C,C,C,C,C,C,C,C,C,C,C,C,C,C,C,C,C,C,C,C,C,C,C,C,C,C,C,C,C,C,C,C,N,C,C,C,C,C,C,C,C,C,C,C,C,C,C,C,C,C,C,C,C,C,C,C,C,C,C,C,C,C,C,C,C,C,C,C,C,C,C,C,C,C,C,C,C,C,C,C,C,C,C,C,C,C,C,C
2658,G,G,G,G,G,G,G,G,G,G,G,N,G,G,G,G,N,G,G,G,G,G,N,G,G,G,G,G,N,G,G,G,G,G,G,G,G,N,G,G,G,G,G,G,G,G,G,G,N,G,N,G,G,G,N,G,G,G,G,G,G,G,G,G,G,G,G,G,N,G,G,G,G,G,G,G,G,G,G,G,N,G,G,N,N,G,G,G,G,G,G,G,N,G,G,G,G,G,G,G,N,G,G,N,G,G,G,G,G,G,G,G,G,G,G,G,G,N,G,G,G,G,G,G,G,G,G,G,G,G,G,G,G,G,G,G,G,G,G,G,G,G,G,G,N,G,G,G,N,G,N,N,N,G,G,G,G,G,G,N,G,G,G,G,G,N,G,N,N,G
2663,N,N,N,N,N,A,N,N,N,N,N,N,N,A,N,A,N,N,N,N,A,N,N,N,N,A,N,N,N,N,N,N,N,A,N,A,N,N,N,N,N,N,N,N,N,N,N,N,N,N,N,N,N,N,N,N,N,N,N,A,N,N,N,A,A,N,N,N,N,N,N,N,N,N,N,N,N,N,A,N,N,A,N,N,N,N,N,N,N,N,N,A,N,N,N,N,N,A,N,N,N,N,N,N,N,N,N,N,N,N,N,N,N,N,N,N,N,N,A,N,N,N,N,A,N,N,N,N,N,N,N,N,N,N,N,A,N,N,A,N,N,N,N,A,N,N,N,N,N,N,N,N,N,A,N,N,N,N,A,N,N,N,N,A,N,N,A,N,N,N
2689,N,N,N,N,N,G,N,N,N,N,N,N,N,G,N,G,N,N,N,N,G,N,N,N,N,G,N,N,N,N,N,N,N,N,N,G,N,N,N,N,N,N,N,N,N,N,N,N,N,N,N,N,N,N,N,N,N,N,N,G,N,N,N,G,G,N,N,N,N,N,N,N,N,N,N,N,N,N,N,N,N,G,N,N,N,N,N,N,N,N,N,G,N,N,N,N,N,G,N,N,N,N,N,N,N,N,N,N,N,N,N,N,N,N,N,N,N,N,G,N,N,N,N,G,N,N,N,N,N,N,N,N,N,N,N,G,N,N,G,N,N,N,N,G,N,N,N,N,N,N,N,N,N,G,N,N,N,N,G,N,N,N,N,N,N,N,G,N,N,N
