Sample_id,basic_stats,base_qual,seq_qual,base_content,base_GC,seq_GC,base_N,seq_length,seq_dup,seq_overrep,kmer,percent_pass
RAPiD-Genomics_GW1804061006_UFE_172202_P05_WE11_i5-509_i7-155_S443_L001_R1_001_fastqc,PASS,PASS,PASS,FAIL,FAIL,FAIL,PASS,PASS,WARN,FAIL,FAIL,45.45
RAPiD-Genomics_GW1804061006_UFE_172202_P05_WF12_i5-509_i7-168_S456_L001_R1_001_fastqc,PASS,PASS,PASS,FAIL,FAIL,FAIL,PASS,PASS,WARN,FAIL,FAIL,45.45
RAPiD-Genomics_GW180220900_UFE_172202_P05_WF11_i5-509_i7-167_S854_L005_R2_001_fastqc,PASS,PASS,PASS,FAIL,FAIL,FAIL,PASS,PASS,WARN,FAIL,FAIL,45.45
RAPiD-Genomics_GW180409000_UFE_172202_P05_WF08_i5-509_i7-164_S452_L001_R2_001_fastqc,PASS,PASS,PASS,WARN,FAIL,FAIL,PASS,PASS,FAIL,FAIL,FAIL,45.45
RAPiD-Genomics_HLY23BBXX_UFE_172202_P05_WD08_i5-509_i7-140_S428_L003_R2_001_fastqc,PASS,PASS,PASS,FAIL,FAIL,FAIL,PASS,PASS,WARN,FAIL,FAIL,45.45
RAPiD-Genomics_GW180409000_UFE_172202_P05_WD09_i5-509_i7-141_S429_L001_R2_001_fastqc,PASS,PASS,PASS,FAIL,FAIL,FAIL,PASS,PASS,FAIL,FAIL,FAIL,45.45
RAPiD-Genomics_HLY23BBXX_UFE_172202_P05_WE08_i5-509_i7-152_S440_L002_R1_001_fastqc,PASS,PASS,PASS,FAIL,FAIL,FAIL,PASS,PASS,WARN,FAIL,FAIL,45.45
RAPiD-Genomics_HLY23BBXX_UFE_172202_P05_WD10_i5-509_i7-142_S430_L002_R2_001_fastqc,PASS,PASS,PASS,FAIL,FAIL,FAIL,PASS,PASS,WARN,FAIL,FAIL,45.45
RAPiD-Genomics_HLY23BBXX_UFE_172202_P05_WF06_i5-509_i7-162_S450_L001_R1_001_fastqc,PASS,PASS,PASS,FAIL,FAIL,FAIL,PASS,PASS,WARN,FAIL,FAIL,45.45
RAPiD-Genomics_HLY23BBXX_UFE_172202_P05_WG01_i5-509_i7-169_S457_L003_R2_001_fastqc,PASS,PASS,PASS,FAIL,FAIL,FAIL,PASS,PASS,WARN,FAIL,FAIL,45.45
RAPiD-Genomics_GW1804061006_UFE_172202_P05_WF08_i5-509_i7-164_S452_L001_R2_001_fastqc,PASS,PASS,PASS,FAIL,FAIL,FAIL,PASS,PASS,WARN,FAIL,FAIL,45.45
RAPiD-Genomics_GW180220900_UFE_172202_P05_WF06_i5-509_i7-162_S849_L005_R2_001_fastqc,PASS,PASS,PASS,FAIL,FAIL,FAIL,PASS,PASS,WARN,FAIL,FAIL,45.45
RAPiD-Genomics_GW1804061006_UFE_172202_P05_WD05_i5-509_i7-137_S425_L001_R2_001_fastqc,PASS,PASS,PASS,FAIL,FAIL,FAIL,PASS,PASS,WARN,FAIL,FAIL,45.45
RAPiD-Genomics_GW180220900_UFE_172202_P05_WD05_i5-509_i7-137_S824_L005_R1_001_fastqc,PASS,PASS,PASS,FAIL,FAIL,FAIL,PASS,PASS,FAIL,FAIL,FAIL,45.45
RAPiD-Genomics_HLY23BBXX_UFE_172202_P05_WE04_i5-509_i7-148_S436_L002_R2_001_fastqc,PASS,PASS,PASS,FAIL,FAIL,FAIL,PASS,PASS,WARN,FAIL,FAIL,45.45
RAPiD-Genomics_GW180409000_UFE_172202_P05_WE11_i5-509_i7-155_S443_L001_R2_001_fastqc,PASS,PASS,PASS,FAIL,FAIL,FAIL,PASS,PASS,FAIL,FAIL,FAIL,45.45
RAPiD-Genomics_HLY23BBXX_UFE_172202_P05_WD03_i5-509_i7-135_S423_L002_R1_001_fastqc,PASS,PASS,PASS,FAIL,FAIL,WARN,PASS,PASS,WARN,FAIL,FAIL,45.45
RAPiD-Genomics_HLY23BBXX_UFE_172202_P05_WG02_i5-509_i7-170_S458_L002_R2_001_fastqc,PASS,PASS,PASS,FAIL,FAIL,FAIL,PASS,PASS,WARN,FAIL,FAIL,45.45
RAPiD-Genomics_HLY23BBXX_UFE_172202_P05_WG12_i5-509_i7-180_S468_L001_R2_001_fastqc,PASS,PASS,PASS,FAIL,FAIL,FAIL,PASS,PASS,WARN,FAIL,FAIL,45.45
RAPiD-Genomics_GW180220900_UFE_172202_P05_WF02_i5-509_i7-158_S845_L005_R2_001_fastqc,PASS,PASS,PASS,FAIL,FAIL,FAIL,PASS,PASS,WARN,FAIL,FAIL,45.45
RAPiD-Genomics_GW1804061006_UFE_172202_P05_WG07_i5-509_i7-175_S463_L002_R2_001_fastqc,PASS,WARN,WARN,FAIL,FAIL,FAIL,PASS,PASS,FAIL,FAIL,FAIL,27.27
RAPiD-Genomics_GW180220900_UFE_172202_P05_WF03_i5-509_i7-159_S846_L005_R2_001_fastqc,PASS,PASS,PASS,FAIL,FAIL,FAIL,PASS,PASS,WARN,FAIL,FAIL,45.45
RAPiD-Genomics_GW180220900_UFE_172202_P05_WD02_i5-509_i7-134_S821_L005_R1_001_fastqc,PASS,PASS,PASS,FAIL,FAIL,FAIL,PASS,PASS,WARN,FAIL,FAIL,45.45
RAPiD-Genomics_HLY23BBXX_UFE_172202_P05_WF09_i5-509_i7-165_S453_L001_R1_001_fastqc,PASS,PASS,PASS,FAIL,FAIL,FAIL,PASS,PASS,WARN,FAIL,FAIL,45.45
RAPiD-Genomics_HLY23BBXX_UFE_172202_P05_WD08_i5-509_i7-140_S428_L003_R1_001_fastqc,PASS,PASS,PASS,FAIL,FAIL,FAIL,PASS,PASS,WARN,FAIL,FAIL,45.45
RAPiD-Genomics_GW180220900_UFE_172202_P05_WF03_i5-509_i7-159_S846_L005_R1_001_fastqc,PASS,PASS,PASS,FAIL,FAIL,FAIL,PASS,PASS,WARN,FAIL,FAIL,45.45
RAPiD-Genomics_GW1804061006_UFE_172202_P05_WF10_i5-509_i7-166_S454_L001_R1_001_fastqc,PASS,PASS,PASS,FAIL,FAIL,FAIL,PASS,PASS,WARN,FAIL,FAIL,45.45
RAPiD-Genomics_GW180220900_UFE_172202_P05_WD11_i5-509_i7-143_S830_L005_R1_001_fastqc,PASS,PASS,PASS,FAIL,FAIL,FAIL,PASS,PASS,FAIL,FAIL,FAIL,45.45
RAPiD-Genomics_GW180220900_UFE_172202_P05_WG05_i5-509_i7-173_S860_L005_R2_001_fastqc,PASS,PASS,PASS,FAIL,FAIL,FAIL,PASS,PASS,WARN,FAIL,FAIL,45.45
RAPiD-Genomics_GW180409000_UFE_172202_P05_WE10_i5-509_i7-154_S442_L001_R2_001_fastqc,PASS,PASS,PASS,FAIL,FAIL,FAIL,PASS,PASS,FAIL,FAIL,FAIL,45.45
RAPiD-Genomics_HLY23BBXX_UFE_172202_P05_WG05_i5-509_i7-173_S461_L003_R1_001_fastqc,PASS,PASS,PASS,FAIL,FAIL,FAIL,PASS,PASS,WARN,FAIL,FAIL,45.45
RAPiD-Genomics_HLY23BBXX_UFE_172202_P05_WE10_i5-509_i7-154_S442_L001_R2_001_fastqc,PASS,PASS,PASS,FAIL,FAIL,FAIL,PASS,PASS,WARN,FAIL,FAIL,45.45
RAPiD-Genomics_GW1804061006_UFE_172202_P05_WF06_i5-509_i7-162_S450_L002_R1_001_fastqc,PASS,PASS,PASS,FAIL,FAIL,FAIL,PASS,PASS,FAIL,FAIL,FAIL,45.45
RAPiD-Genomics_HLY23BBXX_UFE_172202_P05_WG06_i5-509_i7-174_S462_L001_R1_001_fastqc,PASS,PASS,PASS,FAIL,FAIL,FAIL,PASS,PASS,WARN,FAIL,FAIL,45.45
RAPiD-Genomics_GW1804061006_UFE_172202_P05_WF02_i5-509_i7-158_S446_L001_R2_001_fastqc,PASS,PASS,PASS,FAIL,FAIL,FAIL,PASS,PASS,WARN,FAIL,FAIL,45.45
RAPiD-Genomics_GW180409000_UFE_172202_P05_WE09_i5-509_i7-153_S441_L001_R1_001_fastqc,PASS,PASS,PASS,FAIL,FAIL,FAIL,PASS,PASS,FAIL,FAIL,FAIL,45.45
RAPiD-Genomics_GW180409000_UFE_172202_P05_WF01_i5-509_i7-157_S445_L001_R1_001_fastqc,PASS,PASS,PASS,FAIL,FAIL,FAIL,PASS,PASS,FAIL,FAIL,FAIL,45.45
RAPiD-Genomics_HLY23BBXX_UFE_172202_P05_WF08_i5-509_i7-164_S452_L002_R2_001_fastqc,PASS,PASS,PASS,FAIL,FAIL,FAIL,PASS,PASS,WARN,FAIL,FAIL,45.45
RAPiD-Genomics_GW180409000_UFE_172202_P05_WD01_i5-509_i7-133_S421_L001_R2_001_fastqc,PASS,PASS,PASS,FAIL,FAIL,FAIL,PASS,PASS,FAIL,FAIL,FAIL,45.45
RAPiD-Genomics_GW1804061006_UFE_172202_P05_WD05_i5-509_i7-137_S425_L001_R1_001_fastqc,PASS,PASS,PASS,FAIL,FAIL,FAIL,PASS,PASS,WARN,FAIL,FAIL,45.45
RAPiD-Genomics_HLY23BBXX_UFE_172202_P05_WG09_i5-509_i7-177_S465_L001_R2_001_fastqc,PASS,PASS,PASS,FAIL,FAIL,FAIL,PASS,PASS,WARN,FAIL,FAIL,45.45
RAPiD-Genomics_HLY23BBXX_UFE_172202_P05_WE08_i5-509_i7-152_S440_L003_R2_001_fastqc,PASS,PASS,PASS,FAIL,FAIL,FAIL,PASS,PASS,WARN,FAIL,FAIL,45.45
RAPiD-Genomics_GW1804061006_UFE_172202_P05_WG12_i5-509_i7-180_S468_L001_R1_001_fastqc,PASS,PASS,PASS,FAIL,FAIL,FAIL,PASS,PASS,WARN,FAIL,FAIL,45.45
RAPiD-Genomics_HLY23BBXX_UFE_172202_P05_WF10_i5-509_i7-166_S454_L003_R2_001_fastqc,PASS,PASS,PASS,FAIL,FAIL,FAIL,PASS,PASS,WARN,FAIL,FAIL,45.45
RAPiD-Genomics_GW1804061006_UFE_172202_P05_WE10_i5-509_i7-154_S442_L001_R1_001_fastqc,PASS,PASS,PASS,FAIL,FAIL,FAIL,PASS,PASS,FAIL,FAIL,FAIL,45.45
RAPiD-Genomics_HLY23BBXX_UFE_172202_P05_WE07_i5-509_i7-151_S439_L002_R2_001_fastqc,PASS,PASS,PASS,FAIL,FAIL,FAIL,PASS,PASS,WARN,FAIL,FAIL,45.45
RAPiD-Genomics_GW180220900_UFE_172202_P05_WD09_i5-509_i7-141_S828_L005_R2_001_fastqc,PASS,PASS,PASS,FAIL,FAIL,WARN,PASS,PASS,WARN,FAIL,FAIL,45.45
RAPiD-Genomics_GW180409000_UFE_172202_P05_WD09_i5-509_i7-141_S429_L001_R1_001_fastqc,PASS,PASS,PASS,FAIL,FAIL,FAIL,PASS,PASS,FAIL,FAIL,FAIL,45.45
RAPiD-Genomics_HLY23BBXX_UFE_172202_P05_WG08_i5-509_i7-176_S464_L003_R2_001_fastqc,PASS,PASS,PASS,FAIL,FAIL,FAIL,PASS,PASS,WARN,FAIL,FAIL,45.45
RAPiD-Genomics_HLY23BBXX_UFE_172202_P05_WG06_i5-509_i7-174_S462_L003_R1_001_fastqc,PASS,PASS,PASS,FAIL,FAIL,FAIL,PASS,PASS,WARN,FAIL,FAIL,45.45
RAPiD-Genomics_GW180220900_UFE_172202_P05_WG02_i5-509_i7-170_S857_L005_R2_001_fastqc,PASS,WARN,WARN,FAIL,FAIL,FAIL,PASS,PASS,WARN,FAIL,FAIL,27.27
RAPiD-Genomics_GW180409000_UFE_172202_P05_WG10_i5-509_i7-178_S466_L001_R2_001_fastqc,PASS,PASS,PASS,FAIL,FAIL,FAIL,PASS,PASS,FAIL,FAIL,FAIL,45.45
RAPiD-Genomics_HLY23BBXX_UFE_172202_P05_WE03_i5-509_i7-147_S435_L001_R2_001_fastqc,PASS,PASS,PASS,FAIL,FAIL,FAIL,PASS,PASS,WARN,FAIL,FAIL,45.45
RAPiD-Genomics_GW1804061006_UFE_172202_P05_WF11_i5-509_i7-167_S455_L002_R2_001_fastqc,PASS,WARN,WARN,FAIL,FAIL,WARN,PASS,PASS,FAIL,FAIL,FAIL,27.27
RAPiD-Genomics_GW1804061006_UFE_172202_P05_WF01_i5-509_i7-157_S445_L002_R2_001_fastqc,PASS,WARN,PASS,FAIL,FAIL,FAIL,PASS,PASS,WARN,FAIL,FAIL,36.36
RAPiD-Genomics_HLY23BBXX_UFE_172202_P05_WG08_i5-509_i7-176_S464_L001_R1_001_fastqc,PASS,PASS,PASS,FAIL,FAIL,FAIL,PASS,PASS,WARN,FAIL,FAIL,45.45
RAPiD-Genomics_HLY23BBXX_UFE_172202_P05_WD05_i5-509_i7-137_S425_L001_R2_001_fastqc,PASS,PASS,PASS,FAIL,FAIL,FAIL,PASS,PASS,WARN,FAIL,FAIL,45.45
RAPiD-Genomics_GW1804061006_UFE_172202_P05_WD07_i5-509_i7-139_S427_L002_R2_001_fastqc,PASS,WARN,WARN,FAIL,FAIL,WARN,PASS,PASS,FAIL,FAIL,FAIL,27.27
RAPiD-Genomics_GW180409000_UFE_172202_P05_WF10_i5-509_i7-166_S454_L001_R2_001_fastqc,PASS,PASS,PASS,FAIL,FAIL,FAIL,PASS,PASS,FAIL,FAIL,FAIL,45.45
RAPiD-Genomics_GW180409000_UFE_172202_P05_WD06_i5-509_i7-138_S426_L001_R2_001_fastqc,PASS,PASS,PASS,FAIL,FAIL,FAIL,PASS,PASS,FAIL,FAIL,FAIL,45.45
RAPiD-Genomics_HLY23BBXX_UFE_172202_P05_WE02_i5-509_i7-146_S434_L002_R2_001_fastqc,PASS,PASS,PASS,FAIL,FAIL,FAIL,PASS,PASS,WARN,FAIL,FAIL,45.45
RAPiD-Genomics_HLY23BBXX_UFE_172202_P05_WF07_i5-509_i7-163_S451_L001_R2_001_fastqc,PASS,PASS,PASS,FAIL,FAIL,FAIL,PASS,PASS,WARN,FAIL,FAIL,45.45
RAPiD-Genomics_HLY23BBXX_UFE_172202_P05_WE12_i5-509_i7-156_S444_L001_R1_001_fastqc,PASS,PASS,PASS,FAIL,FAIL,FAIL,PASS,PASS,WARN,FAIL,FAIL,45.45
RAPiD-Genomics_HLY23BBXX_UFE_172202_P05_WE05_i5-509_i7-149_S437_L002_R1_001_fastqc,PASS,PASS,PASS,FAIL,FAIL,FAIL,PASS,PASS,WARN,FAIL,FAIL,45.45
RAPiD-Genomics_GW1804061006_UFE_172202_P05_WE03_i5-509_i7-147_S435_L001_R1_001_fastqc,PASS,PASS,PASS,FAIL,FAIL,FAIL,PASS,PASS,WARN,FAIL,FAIL,45.45
RAPiD-Genomics_GW1804061006_UFE_172202_P05_WG11_i5-509_i7-179_S467_L001_R2_001_fastqc,PASS,PASS,PASS,FAIL,FAIL,FAIL,PASS,PASS,WARN,FAIL,FAIL,45.45
RAPiD-Genomics_HLY23BBXX_UFE_172202_P05_WG03_i5-509_i7-171_S459_L002_R1_001_fastqc,PASS,PASS,PASS,FAIL,FAIL,FAIL,PASS,PASS,WARN,FAIL,FAIL,45.45
RAPiD-Genomics_GW180409000_UFE_172202_P05_WF11_i5-509_i7-167_S455_L001_R1_001_fastqc,PASS,PASS,PASS,FAIL,FAIL,FAIL,PASS,PASS,FAIL,FAIL,FAIL,45.45
RAPiD-Genomics_HLY23BBXX_UFE_172202_P05_WG12_i5-509_i7-180_S468_L003_R1_001_fastqc,PASS,PASS,PASS,FAIL,FAIL,FAIL,PASS,PASS,WARN,FAIL,FAIL,45.45
RAPiD-Genomics_HLY23BBXX_UFE_172202_P05_WD03_i5-509_i7-135_S423_L003_R1_001_fastqc,PASS,PASS,PASS,FAIL,FAIL,FAIL,PASS,PASS,WARN,FAIL,FAIL,45.45
RAPiD-Genomics_GW1804061006_UFE_172202_P05_WE02_i5-509_i7-146_S434_L002_R1_001_fastqc,PASS,PASS,PASS,FAIL,FAIL,FAIL,PASS,PASS,FAIL,FAIL,FAIL,45.45
RAPiD-Genomics_GW180409000_UFE_172202_P05_WE06_i5-509_i7-150_S438_L001_R2_001_fastqc,PASS,PASS,PASS,WARN,FAIL,FAIL,PASS,PASS,FAIL,FAIL,FAIL,45.45
RAPiD-Genomics_GW1804061006_UFE_172202_P05_WF08_i5-509_i7-164_S452_L002_R2_001_fastqc,PASS,WARN,WARN,FAIL,FAIL,WARN,PASS,PASS,FAIL,FAIL,FAIL,27.27
RAPiD-Genomics_GW180220900_UFE_172202_P05_WG11_i5-509_i7-179_S866_L005_R1_001_fastqc,PASS,PASS,PASS,FAIL,FAIL,FAIL,PASS,PASS,WARN,FAIL,FAIL,45.45
RAPiD-Genomics_HLY23BBXX_UFE_172202_P05_WD05_i5-509_i7-137_S425_L003_R1_001_fastqc,PASS,PASS,PASS,FAIL,FAIL,FAIL,PASS,PASS,WARN,FAIL,FAIL,45.45
RAPiD-Genomics_GW1804061006_UFE_172202_P05_WG07_i5-509_i7-175_S463_L001_R1_001_fastqc,PASS,PASS,PASS,FAIL,FAIL,FAIL,PASS,PASS,WARN,FAIL,FAIL,45.45
RAPiD-Genomics_GW1804061006_UFE_172202_P05_WD12_i5-509_i7-144_S432_L001_R2_001_fastqc,PASS,PASS,PASS,FAIL,FAIL,FAIL,PASS,PASS,WARN,FAIL,FAIL,45.45
RAPiD-Genomics_HLY23BBXX_UFE_172202_P05_WF07_i5-509_i7-163_S451_L002_R2_001_fastqc,PASS,PASS,PASS,FAIL,FAIL,PASS,PASS,PASS,WARN,FAIL,FAIL,54.54
RAPiD-Genomics_HLY23BBXX_UFE_172202_P05_WE11_i5-509_i7-155_S443_L002_R1_001_fastqc,PASS,PASS,PASS,FAIL,FAIL,FAIL,PASS,PASS,WARN,FAIL,FAIL,45.45
RAPiD-Genomics_GW180220900_UFE_172202_P05_WE08_i5-509_i7-152_S839_L005_R1_001_fastqc,PASS,PASS,PASS,FAIL,FAIL,FAIL,PASS,PASS,FAIL,FAIL,FAIL,45.45
RAPiD-Genomics_GW1804061006_UFE_172202_P05_WD03_i5-509_i7-135_S423_L002_R1_001_fastqc,PASS,PASS,PASS,FAIL,FAIL,FAIL,PASS,PASS,FAIL,FAIL,FAIL,45.45
RAPiD-Genomics_GW1804061006_UFE_172202_P05_WF11_i5-509_i7-167_S455_L001_R2_001_fastqc,PASS,PASS,PASS,FAIL,FAIL,FAIL,PASS,PASS,WARN,FAIL,FAIL,45.45
RAPiD-Genomics_GW1804061006_UFE_172202_P05_WG02_i5-509_i7-170_S458_L002_R2_001_fastqc,PASS,FAIL,WARN,FAIL,FAIL,FAIL,PASS,PASS,FAIL,FAIL,FAIL,27.27
RAPiD-Genomics_GW180409000_UFE_172202_P05_WE04_i5-509_i7-148_S436_L001_R2_001_fastqc,PASS,PASS,PASS,FAIL,FAIL,FAIL,PASS,PASS,FAIL,FAIL,FAIL,45.45
RAPiD-Genomics_GW180409000_UFE_172202_P05_WE05_i5-509_i7-149_S437_L001_R1_001_fastqc,PASS,PASS,PASS,FAIL,FAIL,FAIL,PASS,PASS,FAIL,FAIL,FAIL,45.45
RAPiD-Genomics_HLY23BBXX_UFE_172202_P05_WD02_i5-509_i7-134_S422_L002_R1_001_fastqc,PASS,PASS,PASS,FAIL,FAIL,FAIL,PASS,PASS,WARN,FAIL,FAIL,45.45
RAPiD-Genomics_HLY23BBXX_UFE_172202_P05_WF03_i5-509_i7-159_S447_L003_R1_001_fastqc,PASS,PASS,PASS,FAIL,FAIL,FAIL,PASS,PASS,WARN,FAIL,FAIL,45.45
RAPiD-Genomics_HLY23BBXX_UFE_172202_P05_WG07_i5-509_i7-175_S463_L002_R2_001_fastqc,PASS,PASS,PASS,FAIL,FAIL,FAIL,PASS,PASS,WARN,FAIL,FAIL,45.45
RAPiD-Genomics_GW180409000_UFE_172202_P05_WG11_i5-509_i7-179_S467_L001_R1_001_fastqc,PASS,PASS,PASS,FAIL,FAIL,FAIL,PASS,PASS,FAIL,FAIL,FAIL,45.45
RAPiD-Genomics_HLY23BBXX_UFE_172202_P05_WF05_i5-509_i7-161_S449_L002_R2_001_fastqc,PASS,PASS,PASS,FAIL,FAIL,FAIL,PASS,PASS,WARN,FAIL,FAIL,45.45
RAPiD-Genomics_GW1804061006_UFE_172202_P05_WG09_i5-509_i7-177_S465_L001_R1_001_fastqc,PASS,PASS,PASS,FAIL,FAIL,FAIL,PASS,PASS,WARN,FAIL,FAIL,45.45
RAPiD-Genomics_HLY23BBXX_UFE_172202_P05_WF01_i5-509_i7-157_S445_L002_R2_001_fastqc,PASS,PASS,PASS,FAIL,FAIL,FAIL,PASS,PASS,WARN,FAIL,FAIL,45.45
RAPiD-Genomics_GW180220900_UFE_172202_P05_WG03_i5-509_i7-171_S858_L005_R2_001_fastqc,PASS,PASS,PASS,FAIL,FAIL,FAIL,PASS,PASS,WARN,FAIL,FAIL,45.45
RAPiD-Genomics_GW180220900_UFE_172202_P05_WG02_i5-509_i7-170_S857_L005_R1_001_fastqc,PASS,PASS,PASS,FAIL,FAIL,FAIL,PASS,PASS,FAIL,FAIL,FAIL,45.45
RAPiD-Genomics_GW180409000_UFE_172202_P05_WD03_i5-509_i7-135_S423_L001_R1_001_fastqc,PASS,PASS,PASS,FAIL,FAIL,FAIL,PASS,PASS,FAIL,FAIL,FAIL,45.45
RAPiD-Genomics_GW180220900_UFE_172202_P05_WD07_i5-509_i7-139_S826_L005_R1_001_fastqc,PASS,PASS,PASS,FAIL,FAIL,FAIL,PASS,PASS,FAIL,FAIL,FAIL,45.45
RAPiD-Genomics_GW1804061006_UFE_172202_P05_WG12_i5-509_i7-180_S468_L002_R2_001_fastqc,PASS,WARN,WARN,FAIL,FAIL,FAIL,PASS,PASS,WARN,FAIL,FAIL,27.27
RAPiD-Genomics_HLY23BBXX_UFE_172202_P05_WF12_i5-509_i7-168_S456_L002_R2_001_fastqc,PASS,PASS,PASS,FAIL,FAIL,FAIL,PASS,PASS,WARN,FAIL,FAIL,45.45
RAPiD-Genomics_HLY23BBXX_UFE_172202_P05_WE09_i5-509_i7-153_S441_L001_R1_001_fastqc,PASS,PASS,PASS,FAIL,FAIL,FAIL,PASS,PASS,WARN,FAIL,FAIL,45.45
RAPiD-Genomics_HLY23BBXX_UFE_172202_P05_WE01_i5-509_i7-145_S433_L003_R2_001_fastqc,PASS,PASS,PASS,FAIL,FAIL,FAIL,PASS,PASS,WARN,FAIL,FAIL,45.45
RAPiD-Genomics_HLY23BBXX_UFE_172202_P05_WG03_i5-509_i7-171_S459_L003_R2_001_fastqc,PASS,PASS,PASS,FAIL,FAIL,FAIL,PASS,PASS,WARN,FAIL,FAIL,45.45
RAPiD-Genomics_GW1804061006_UFE_172202_P05_WD01_i5-509_i7-133_S421_L001_R1_001_fastqc,PASS,PASS,PASS,FAIL,FAIL,FAIL,PASS,PASS,WARN,FAIL,FAIL,45.45
RAPiD-Genomics_GW1804061006_UFE_172202_P05_WE02_i5-509_i7-146_S434_L001_R2_001_fastqc,PASS,PASS,PASS,FAIL,FAIL,FAIL,PASS,PASS,WARN,FAIL,FAIL,45.45
RAPiD-Genomics_GW180409000_UFE_172202_P05_WD10_i5-509_i7-142_S430_L001_R1_001_fastqc,PASS,PASS,PASS,FAIL,FAIL,FAIL,PASS,PASS,FAIL,FAIL,FAIL,45.45
RAPiD-Genomics_GW1804061006_UFE_172202_P05_WE09_i5-509_i7-153_S441_L001_R1_001_fastqc,PASS,PASS,PASS,FAIL,FAIL,FAIL,PASS,PASS,WARN,FAIL,FAIL,45.45
RAPiD-Genomics_GW180220900_UFE_172202_P05_WE08_i5-509_i7-152_S839_L005_R2_001_fastqc,PASS,PASS,PASS,FAIL,FAIL,FAIL,PASS,PASS,WARN,FAIL,FAIL,45.45
RAPiD-Genomics_GW1804061006_UFE_172202_P05_WG02_i5-509_i7-170_S458_L002_R1_001_fastqc,PASS,FAIL,WARN,FAIL,FAIL,FAIL,PASS,PASS,FAIL,FAIL,FAIL,27.27
RAPiD-Genomics_GW180220900_UFE_172202_P05_WE02_i5-509_i7-146_S833_L005_R2_001_fastqc,PASS,PASS,PASS,FAIL,FAIL,FAIL,PASS,PASS,WARN,FAIL,FAIL,45.45
RAPiD-Genomics_HLY23BBXX_UFE_172202_P05_WD06_i5-509_i7-138_S426_L002_R2_001_fastqc,PASS,PASS,PASS,FAIL,FAIL,PASS,PASS,PASS,WARN,FAIL,FAIL,54.54
RAPiD-Genomics_GW1804061006_UFE_172202_P05_WE01_i5-509_i7-145_S433_L002_R1_001_fastqc,PASS,PASS,PASS,FAIL,FAIL,FAIL,PASS,PASS,FAIL,FAIL,FAIL,45.45
RAPiD-Genomics_HLY23BBXX_UFE_172202_P05_WE07_i5-509_i7-151_S439_L002_R1_001_fastqc,PASS,PASS,PASS,FAIL,FAIL,FAIL,PASS,PASS,WARN,FAIL,FAIL,45.45
RAPiD-Genomics_HLY23BBXX_UFE_172202_P05_WF09_i5-509_i7-165_S453_L002_R2_001_fastqc,PASS,PASS,PASS,FAIL,FAIL,WARN,PASS,PASS,WARN,FAIL,FAIL,45.45
RAPiD-Genomics_GW180409000_UFE_172202_P05_WE02_i5-509_i7-146_S434_L001_R1_001_fastqc,PASS,PASS,PASS,FAIL,FAIL,FAIL,PASS,PASS,FAIL,FAIL,FAIL,45.45
RAPiD-Genomics_HLY23BBXX_UFE_172202_P05_WG11_i5-509_i7-179_S467_L002_R1_001_fastqc,PASS,PASS,PASS,FAIL,FAIL,FAIL,PASS,PASS,WARN,FAIL,FAIL,45.45
RAPiD-Genomics_GW1804061006_UFE_172202_P05_WF12_i5-509_i7-168_S456_L002_R1_001_fastqc,PASS,PASS,PASS,FAIL,FAIL,FAIL,PASS,PASS,FAIL,FAIL,FAIL,45.45
RAPiD-Genomics_GW180409000_UFE_172202_P05_WD08_i5-509_i7-140_S428_L001_R2_001_fastqc,PASS,PASS,PASS,FAIL,FAIL,FAIL,PASS,PASS,FAIL,FAIL,FAIL,45.45
RAPiD-Genomics_GW180409000_UFE_172202_P05_WG01_i5-509_i7-169_S457_L001_R1_001_fastqc,PASS,PASS,PASS,FAIL,FAIL,FAIL,PASS,PASS,FAIL,FAIL,FAIL,45.45
RAPiD-Genomics_GW1804061006_UFE_172202_P05_WD03_i5-509_i7-135_S423_L002_R2_001_fastqc,PASS,WARN,WARN,FAIL,FAIL,FAIL,PASS,PASS,FAIL,FAIL,FAIL,27.27
RAPiD-Genomics_HLY23BBXX_UFE_172202_P05_WD11_i5-509_i7-143_S431_L003_R2_001_fastqc,PASS,PASS,PASS,FAIL,FAIL,WARN,PASS,PASS,WARN,FAIL,FAIL,45.45
RAPiD-Genomics_HLY23BBXX_UFE_172202_P05_WF04_i5-509_i7-160_S448_L003_R2_001_fastqc,PASS,PASS,PASS,FAIL,FAIL,FAIL,PASS,PASS,WARN,FAIL,FAIL,45.45
RAPiD-Genomics_GW1804061006_UFE_172202_P05_WE05_i5-509_i7-149_S437_L001_R1_001_fastqc,PASS,PASS,PASS,FAIL,FAIL,FAIL,PASS,PASS,WARN,FAIL,FAIL,45.45
RAPiD-Genomics_GW1804061006_UFE_172202_P05_WF04_i5-509_i7-160_S448_L001_R1_001_fastqc,PASS,PASS,PASS,FAIL,FAIL,FAIL,PASS,PASS,WARN,FAIL,FAIL,45.45
RAPiD-Genomics_GW1804061006_UFE_172202_P05_WD02_i5-509_i7-134_S422_L002_R2_001_fastqc,PASS,WARN,PASS,FAIL,FAIL,FAIL,PASS,PASS,WARN,FAIL,FAIL,36.36
RAPiD-Genomics_GW180220900_UFE_172202_P05_WG01_i5-509_i7-169_S856_L005_R1_001_fastqc,PASS,PASS,PASS,FAIL,FAIL,FAIL,PASS,PASS,FAIL,FAIL,FAIL,45.45
RAPiD-Genomics_HLY23BBXX_UFE_172202_P05_WG02_i5-509_i7-170_S458_L001_R1_001_fastqc,PASS,PASS,PASS,FAIL,FAIL,WARN,PASS,PASS,WARN,FAIL,FAIL,45.45
RAPiD-Genomics_GW1804061006_UFE_172202_P05_WE08_i5-509_i7-152_S440_L002_R1_001_fastqc,PASS,PASS,PASS,FAIL,FAIL,FAIL,PASS,PASS,FAIL,FAIL,FAIL,45.45
RAPiD-Genomics_HLY23BBXX_UFE_172202_P05_WF10_i5-509_i7-166_S454_L001_R2_001_fastqc,PASS,PASS,PASS,FAIL,FAIL,FAIL,PASS,PASS,WARN,FAIL,FAIL,45.45
RAPiD-Genomics_HLY23BBXX_UFE_172202_P05_WG10_i5-509_i7-178_S466_L001_R2_001_fastqc,PASS,PASS,PASS,FAIL,FAIL,FAIL,PASS,PASS,WARN,FAIL,FAIL,45.45
RAPiD-Genomics_GW180409000_UFE_172202_P05_WD04_i5-509_i7-136_S424_L001_R1_001_fastqc,PASS,PASS,PASS,FAIL,FAIL,FAIL,PASS,PASS,FAIL,FAIL,FAIL,45.45
RAPiD-Genomics_GW180220900_UFE_172202_P05_WE09_i5-509_i7-153_S840_L005_R1_001_fastqc,PASS,PASS,PASS,FAIL,FAIL,FAIL,PASS,PASS,FAIL,FAIL,FAIL,45.45
RAPiD-Genomics_GW1804061006_UFE_172202_P05_WE11_i5-509_i7-155_S443_L002_R1_001_fastqc,PASS,PASS,PASS,FAIL,FAIL,FAIL,PASS,PASS,FAIL,FAIL,FAIL,45.45
RAPiD-Genomics_GW1804061006_UFE_172202_P05_WE07_i5-509_i7-151_S439_L001_R2_001_fastqc,PASS,PASS,PASS,FAIL,FAIL,WARN,PASS,PASS,WARN,FAIL,FAIL,45.45
RAPiD-Genomics_GW1804061006_UFE_172202_P05_WE04_i5-509_i7-148_S436_L002_R2_001_fastqc,PASS,WARN,PASS,FAIL,FAIL,WARN,PASS,PASS,FAIL,FAIL,FAIL,36.36
RAPiD-Genomics_GW1804061006_UFE_172202_P05_WE07_i5-509_i7-151_S439_L001_R1_001_fastqc,PASS,PASS,PASS,FAIL,FAIL,FAIL,PASS,PASS,WARN,FAIL,FAIL,45.45
RAPiD-Genomics_GW1804061006_UFE_172202_P05_WG05_i5-509_i7-173_S461_L002_R1_001_fastqc,PASS,WARN,PASS,FAIL,FAIL,FAIL,PASS,PASS,FAIL,FAIL,FAIL,36.36
RAPiD-Genomics_HLY23BBXX_UFE_172202_P05_WG06_i5-509_i7-174_S462_L001_R2_001_fastqc,PASS,PASS,PASS,FAIL,FAIL,FAIL,PASS,PASS,WARN,FAIL,FAIL,45.45
RAPiD-Genomics_HLY23BBXX_UFE_172202_P05_WD07_i5-509_i7-139_S427_L002_R1_001_fastqc,PASS,PASS,PASS,FAIL,FAIL,FAIL,PASS,PASS,WARN,FAIL,FAIL,45.45
RAPiD-Genomics_HLY23BBXX_UFE_172202_P05_WD05_i5-509_i7-137_S425_L003_R2_001_fastqc,PASS,PASS,PASS,FAIL,FAIL,FAIL,PASS,PASS,WARN,FAIL,FAIL,45.45
RAPiD-Genomics_GW180409000_UFE_172202_P05_WG06_i5-509_i7-174_S462_L001_R2_001_fastqc,PASS,PASS,PASS,FAIL,FAIL,FAIL,PASS,PASS,FAIL,FAIL,FAIL,45.45
RAPiD-Genomics_GW1804061006_UFE_172202_P05_WD07_i5-509_i7-139_S427_L002_R1_001_fastqc,PASS,PASS,PASS,FAIL,FAIL,FAIL,PASS,PASS,FAIL,FAIL,FAIL,45.45
RAPiD-Genomics_HLY23BBXX_UFE_172202_P05_WG10_i5-509_i7-178_S466_L001_R1_001_fastqc,PASS,PASS,PASS,FAIL,FAIL,FAIL,PASS,PASS,WARN,FAIL,FAIL,45.45
RAPiD-Genomics_GW1804061006_UFE_172202_P05_WG12_i5-509_i7-180_S468_L002_R1_001_fastqc,PASS,PASS,PASS,FAIL,FAIL,FAIL,PASS,PASS,FAIL,FAIL,FAIL,45.45
RAPiD-Genomics_GW1804061006_UFE_172202_P05_WE08_i5-509_i7-152_S440_L001_R1_001_fastqc,PASS,PASS,PASS,FAIL,FAIL,FAIL,PASS,PASS,WARN,FAIL,FAIL,45.45
RAPiD-Genomics_GW1804061006_UFE_172202_P05_WF01_i5-509_i7-157_S445_L001_R1_001_fastqc,PASS,PASS,PASS,FAIL,FAIL,FAIL,PASS,PASS,WARN,FAIL,FAIL,45.45
RAPiD-Genomics_GW1804061006_UFE_172202_P05_WD11_i5-509_i7-143_S431_L002_R1_001_fastqc,PASS,PASS,PASS,FAIL,FAIL,FAIL,PASS,PASS,FAIL,FAIL,FAIL,45.45
RAPiD-Genomics_HLY23BBXX_UFE_172202_P05_WD06_i5-509_i7-138_S426_L003_R1_001_fastqc,PASS,PASS,PASS,FAIL,FAIL,FAIL,PASS,PASS,WARN,FAIL,FAIL,45.45
RAPiD-Genomics_HLY23BBXX_UFE_172202_P05_WG04_i5-509_i7-172_S460_L002_R2_001_fastqc,PASS,PASS,PASS,FAIL,FAIL,FAIL,PASS,PASS,WARN,FAIL,FAIL,45.45
RAPiD-Genomics_HLY23BBXX_UFE_172202_P05_WG09_i5-509_i7-177_S465_L003_R1_001_fastqc,PASS,PASS,PASS,FAIL,FAIL,FAIL,PASS,PASS,WARN,FAIL,FAIL,45.45
RAPiD-Genomics_HLY23BBXX_UFE_172202_P05_WF02_i5-509_i7-158_S446_L003_R2_001_fastqc,PASS,PASS,PASS,FAIL,FAIL,FAIL,PASS,PASS,WARN,FAIL,FAIL,45.45
RAPiD-Genomics_GW180220900_UFE_172202_P05_WF02_i5-509_i7-158_S845_L005_R1_001_fastqc,PASS,PASS,PASS,FAIL,FAIL,FAIL,PASS,PASS,WARN,FAIL,FAIL,45.45
RAPiD-Genomics_HLY23BBXX_UFE_172202_P05_WE07_i5-509_i7-151_S439_L003_R1_001_fastqc,PASS,PASS,PASS,FAIL,FAIL,FAIL,PASS,PASS,WARN,FAIL,FAIL,45.45
RAPiD-Genomics_GW180220900_UFE_172202_P05_WF01_i5-509_i7-157_S844_L005_R2_001_fastqc,PASS,PASS,PASS,FAIL,FAIL,FAIL,PASS,PASS,WARN,FAIL,FAIL,45.45
RAPiD-Genomics_GW180409000_UFE_172202_P05_WD11_i5-509_i7-143_S431_L001_R2_001_fastqc,PASS,PASS,PASS,WARN,FAIL,FAIL,PASS,PASS,FAIL,FAIL,FAIL,45.45
RAPiD-Genomics_HLY23BBXX_UFE_172202_P05_WD02_i5-509_i7-134_S422_L003_R2_001_fastqc,PASS,PASS,PASS,FAIL,FAIL,FAIL,PASS,PASS,WARN,FAIL,FAIL,45.45
RAPiD-Genomics_GW1804061006_UFE_172202_P05_WE12_i5-509_i7-156_S444_L002_R2_001_fastqc,PASS,WARN,WARN,FAIL,FAIL,FAIL,PASS,PASS,FAIL,FAIL,FAIL,27.27
RAPiD-Genomics_GW1804061006_UFE_172202_P05_WF08_i5-509_i7-164_S452_L002_R1_001_fastqc,PASS,PASS,PASS,FAIL,FAIL,FAIL,PASS,PASS,FAIL,FAIL,FAIL,45.45
RAPiD-Genomics_HLY23BBXX_UFE_172202_P05_WE11_i5-509_i7-155_S443_L001_R1_001_fastqc,PASS,PASS,PASS,FAIL,FAIL,FAIL,PASS,PASS,WARN,FAIL,FAIL,45.45
RAPiD-Genomics_GW1804061006_UFE_172202_P05_WD10_i5-509_i7-142_S430_L002_R2_001_fastqc,PASS,WARN,PASS,FAIL,FAIL,FAIL,PASS,PASS,WARN,FAIL,FAIL,36.36
RAPiD-Genomics_HLY23BBXX_UFE_172202_P05_WD11_i5-509_i7-143_S431_L002_R2_001_fastqc,PASS,PASS,PASS,FAIL,FAIL,WARN,PASS,PASS,WARN,FAIL,FAIL,45.45
RAPiD-Genomics_HLY23BBXX_UFE_172202_P05_WG11_i5-509_i7-179_S467_L001_R2_001_fastqc,PASS,PASS,PASS,FAIL,FAIL,FAIL,PASS,PASS,WARN,FAIL,FAIL,45.45
RAPiD-Genomics_HLY23BBXX_UFE_172202_P05_WD04_i5-509_i7-136_S424_L003_R2_001_fastqc,PASS,PASS,PASS,FAIL,FAIL,FAIL,PASS,PASS,WARN,FAIL,FAIL,45.45
RAPiD-Genomics_HLY23BBXX_UFE_172202_P05_WD05_i5-509_i7-137_S425_L002_R1_001_fastqc,PASS,PASS,PASS,FAIL,FAIL,FAIL,PASS,PASS,WARN,FAIL,FAIL,45.45
RAPiD-Genomics_GW1804061006_UFE_172202_P05_WF06_i5-509_i7-162_S450_L001_R2_001_fastqc,PASS,PASS,PASS,FAIL,FAIL,FAIL,PASS,PASS,WARN,FAIL,FAIL,45.45
RAPiD-Genomics_HLY23BBXX_UFE_172202_P05_WE12_i5-509_i7-156_S444_L002_R2_001_fastqc,PASS,PASS,PASS,FAIL,FAIL,FAIL,PASS,PASS,WARN,FAIL,FAIL,45.45
RAPiD-Genomics_GW180409000_UFE_172202_P05_WF07_i5-509_i7-163_S451_L001_R2_001_fastqc,PASS,PASS,PASS,WARN,FAIL,FAIL,PASS,PASS,FAIL,FAIL,FAIL,45.45
RAPiD-Genomics_HLY23BBXX_UFE_172202_P05_WG01_i5-509_i7-169_S457_L003_R1_001_fastqc,PASS,PASS,PASS,FAIL,FAIL,FAIL,PASS,PASS,WARN,FAIL,FAIL,45.45
RAPiD-Genomics_GW1804061006_UFE_172202_P05_WF04_i5-509_i7-160_S448_L001_R2_001_fastqc,PASS,PASS,PASS,FAIL,FAIL,FAIL,PASS,PASS,WARN,FAIL,FAIL,45.45
RAPiD-Genomics_GW180220900_UFE_172202_P05_WE06_i5-509_i7-150_S837_L005_R1_001_fastqc,PASS,PASS,PASS,FAIL,FAIL,FAIL,PASS,PASS,WARN,FAIL,FAIL,45.45
RAPiD-Genomics_GW180409000_UFE_172202_P05_WE07_i5-509_i7-151_S439_L001_R2_001_fastqc,PASS,PASS,PASS,FAIL,FAIL,FAIL,PASS,PASS,FAIL,FAIL,FAIL,45.45
RAPiD-Genomics_GW1804061006_UFE_172202_P05_WG04_i5-509_i7-172_S460_L001_R1_001_fastqc,PASS,PASS,PASS,FAIL,FAIL,FAIL,PASS,PASS,FAIL,FAIL,FAIL,45.45
RAPiD-Genomics_HLY23BBXX_UFE_172202_P05_WD06_i5-509_i7-138_S426_L001_R2_001_fastqc,PASS,PASS,PASS,FAIL,FAIL,FAIL,PASS,PASS,WARN,FAIL,FAIL,45.45
RAPiD-Genomics_GW1804061006_UFE_172202_P05_WD06_i5-509_i7-138_S426_L002_R1_001_fastqc,PASS,PASS,PASS,FAIL,FAIL,FAIL,PASS,PASS,FAIL,FAIL,FAIL,45.45
RAPiD-Genomics_GW180220900_UFE_172202_P05_WF12_i5-509_i7-168_S855_L005_R1_001_fastqc,PASS,PASS,PASS,FAIL,FAIL,FAIL,PASS,PASS,FAIL,FAIL,FAIL,45.45
RAPiD-Genomics_HLY23BBXX_UFE_172202_P05_WE04_i5-509_i7-148_S436_L003_R1_001_fastqc,PASS,PASS,PASS,FAIL,FAIL,FAIL,PASS,PASS,WARN,FAIL,FAIL,45.45
RAPiD-Genomics_HLY23BBXX_UFE_172202_P05_WD12_i5-509_i7-144_S432_L002_R2_001_fastqc,PASS,PASS,PASS,FAIL,FAIL,FAIL,PASS,PASS,WARN,FAIL,FAIL,45.45
RAPiD-Genomics_HLY23BBXX_UFE_172202_P05_WG10_i5-509_i7-178_S466_L003_R1_001_fastqc,PASS,PASS,PASS,FAIL,FAIL,FAIL,PASS,PASS,WARN,FAIL,FAIL,45.45
RAPiD-Genomics_GW1804061006_UFE_172202_P05_WF09_i5-509_i7-165_S453_L002_R2_001_fastqc,PASS,WARN,WARN,FAIL,FAIL,WARN,PASS,PASS,FAIL,FAIL,FAIL,27.27
RAPiD-Genomics_GW180220900_UFE_172202_P05_WG01_i5-509_i7-169_S856_L005_R2_001_fastqc,PASS,PASS,PASS,FAIL,FAIL,FAIL,PASS,PASS,WARN,FAIL,FAIL,45.45
RAPiD-Genomics_GW1804061006_UFE_172202_P05_WF10_i5-509_i7-166_S454_L002_R1_001_fastqc,PASS,PASS,PASS,FAIL,FAIL,FAIL,PASS,PASS,FAIL,FAIL,FAIL,45.45
RAPiD-Genomics_HLY23BBXX_UFE_172202_P05_WF11_i5-509_i7-167_S455_L002_R1_001_fastqc,PASS,PASS,PASS,FAIL,FAIL,FAIL,PASS,PASS,WARN,FAIL,FAIL,45.45
RAPiD-Genomics_GW180220900_UFE_172202_P05_WG10_i5-509_i7-178_S865_L005_R1_001_fastqc,PASS,PASS,PASS,FAIL,FAIL,FAIL,PASS,PASS,WARN,FAIL,FAIL,45.45
RAPiD-Genomics_GW1804061006_UFE_172202_P05_WG03_i5-509_i7-171_S459_L001_R2_001_fastqc,PASS,PASS,PASS,FAIL,FAIL,FAIL,PASS,PASS,WARN,FAIL,FAIL,45.45
RAPiD-Genomics_GW180409000_UFE_172202_P05_WE07_i5-509_i7-151_S439_L001_R1_001_fastqc,PASS,PASS,PASS,FAIL,FAIL,FAIL,PASS,PASS,FAIL,FAIL,FAIL,45.45
RAPiD-Genomics_HLY23BBXX_UFE_172202_P05_WG11_i5-509_i7-179_S467_L002_R2_001_fastqc,PASS,PASS,PASS,FAIL,FAIL,FAIL,PASS,PASS,WARN,FAIL,FAIL,45.45
RAPiD-Genomics_HLY23BBXX_UFE_172202_P05_WF10_i5-509_i7-166_S454_L002_R1_001_fastqc,PASS,PASS,PASS,FAIL,FAIL,FAIL,PASS,PASS,WARN,FAIL,FAIL,45.45
RAPiD-Genomics_GW1804061006_UFE_172202_P05_WG11_i5-509_i7-179_S467_L002_R1_001_fastqc,PASS,PASS,PASS,FAIL,FAIL,FAIL,PASS,PASS,FAIL,FAIL,FAIL,45.45
RAPiD-Genomics_HLY23BBXX_UFE_172202_P05_WF06_i5-509_i7-162_S450_L001_R2_001_fastqc,PASS,PASS,PASS,FAIL,FAIL,FAIL,PASS,PASS,WARN,FAIL,FAIL,45.45
RAPiD-Genomics_GW180220900_UFE_172202_P05_WE01_i5-509_i7-145_S832_L005_R2_001_fastqc,PASS,PASS,PASS,FAIL,FAIL,FAIL,PASS,PASS,WARN,FAIL,FAIL,45.45
RAPiD-Genomics_HLY23BBXX_UFE_172202_P05_WG12_i5-509_i7-180_S468_L002_R1_001_fastqc,PASS,PASS,PASS,FAIL,FAIL,FAIL,PASS,PASS,WARN,FAIL,FAIL,45.45
RAPiD-Genomics_HLY23BBXX_UFE_172202_P05_WD08_i5-509_i7-140_S428_L002_R1_001_fastqc,PASS,PASS,PASS,FAIL,FAIL,WARN,PASS,PASS,WARN,FAIL,FAIL,45.45
RAPiD-Genomics_GW1804061006_UFE_172202_P05_WE09_i5-509_i7-153_S441_L002_R1_001_fastqc,PASS,PASS,PASS,FAIL,FAIL,FAIL,PASS,PASS,FAIL,FAIL,FAIL,45.45
RAPiD-Genomics_HLY23BBXX_UFE_172202_P05_WE07_i5-509_i7-151_S439_L001_R2_001_fastqc,PASS,PASS,PASS,FAIL,FAIL,FAIL,PASS,PASS,WARN,FAIL,FAIL,45.45
RAPiD-Genomics_GW180220900_UFE_172202_P05_WG08_i5-509_i7-176_S863_L005_R1_001_fastqc,PASS,PASS,PASS,FAIL,FAIL,FAIL,PASS,PASS,FAIL,FAIL,FAIL,45.45
RAPiD-Genomics_GW1804061006_UFE_172202_P05_WG08_i5-509_i7-176_S464_L001_R2_001_fastqc,PASS,PASS,PASS,FAIL,FAIL,FAIL,PASS,PASS,WARN,FAIL,FAIL,45.45
RAPiD-Genomics_HLY23BBXX_UFE_172202_P05_WF04_i5-509_i7-160_S448_L001_R1_001_fastqc,PASS,PASS,PASS,FAIL,FAIL,FAIL,PASS,PASS,WARN,FAIL,FAIL,45.45
RAPiD-Genomics_HLY23BBXX_UFE_172202_P05_WG05_i5-509_i7-173_S461_L001_R1_001_fastqc,PASS,PASS,PASS,FAIL,FAIL,FAIL,PASS,PASS,WARN,FAIL,FAIL,45.45
RAPiD-Genomics_HLY23BBXX_UFE_172202_P05_WF03_i5-509_i7-159_S447_L001_R1_001_fastqc,PASS,PASS,PASS,FAIL,FAIL,FAIL,PASS,PASS,WARN,FAIL,FAIL,45.45
RAPiD-Genomics_HLY23BBXX_UFE_172202_P05_WD11_i5-509_i7-143_S431_L001_R1_001_fastqc,PASS,PASS,PASS,FAIL,FAIL,WARN,PASS,PASS,WARN,FAIL,FAIL,45.45
RAPiD-Genomics_GW180409000_UFE_172202_P05_WG02_i5-509_i7-170_S458_L001_R1_001_fastqc,PASS,PASS,PASS,FAIL,FAIL,FAIL,PASS,PASS,FAIL,FAIL,FAIL,45.45
RAPiD-Genomics_HLY23BBXX_UFE_172202_P05_WG01_i5-509_i7-169_S457_L002_R1_001_fastqc,PASS,PASS,PASS,FAIL,FAIL,FAIL,PASS,PASS,WARN,FAIL,FAIL,45.45
RAPiD-Genomics_GW180409000_UFE_172202_P05_WD08_i5-509_i7-140_S428_L001_R1_001_fastqc,PASS,PASS,PASS,FAIL,FAIL,FAIL,PASS,PASS,FAIL,FAIL,FAIL,45.45
RAPiD-Genomics_HLY23BBXX_UFE_172202_P05_WE06_i5-509_i7-150_S438_L001_R1_001_fastqc,PASS,PASS,PASS,FAIL,FAIL,FAIL,PASS,PASS,WARN,FAIL,FAIL,45.45
RAPiD-Genomics_HLY23BBXX_UFE_172202_P05_WG11_i5-509_i7-179_S467_L003_R2_001_fastqc,PASS,PASS,PASS,FAIL,FAIL,FAIL,PASS,PASS,WARN,FAIL,FAIL,45.45
RAPiD-Genomics_GW1804061006_UFE_172202_P05_WD11_i5-509_i7-143_S431_L002_R2_001_fastqc,PASS,WARN,PASS,FAIL,FAIL,WARN,PASS,PASS,FAIL,FAIL,FAIL,36.36
RAPiD-Genomics_GW1804061006_UFE_172202_P05_WD06_i5-509_i7-138_S426_L002_R2_001_fastqc,PASS,WARN,WARN,FAIL,FAIL,FAIL,PASS,PASS,FAIL,FAIL,FAIL,27.27
RAPiD-Genomics_HLY23BBXX_UFE_172202_P05_WG07_i5-509_i7-175_S463_L001_R1_001_fastqc,PASS,PASS,PASS,FAIL,FAIL,FAIL,PASS,PASS,WARN,FAIL,FAIL,45.45
RAPiD-Genomics_HLY23BBXX_UFE_172202_P05_WD07_i5-509_i7-139_S427_L001_R2_001_fastqc,PASS,PASS,PASS,FAIL,FAIL,FAIL,PASS,PASS,WARN,FAIL,FAIL,45.45
RAPiD-Genomics_HLY23BBXX_UFE_172202_P05_WF02_i5-509_i7-158_S446_L003_R1_001_fastqc,PASS,PASS,PASS,FAIL,FAIL,FAIL,PASS,PASS,WARN,FAIL,FAIL,45.45
RAPiD-Genomics_GW180220900_UFE_172202_P05_WE04_i5-509_i7-148_S835_L005_R1_001_fastqc,PASS,PASS,PASS,FAIL,FAIL,FAIL,PASS,PASS,FAIL,FAIL,FAIL,45.45
RAPiD-Genomics_GW1804061006_UFE_172202_P05_WE09_i5-509_i7-153_S441_L001_R2_001_fastqc,PASS,PASS,PASS,FAIL,FAIL,FAIL,PASS,PASS,WARN,FAIL,FAIL,45.45
RAPiD-Genomics_GW1804061006_UFE_172202_P05_WG08_i5-509_i7-176_S464_L002_R1_001_fastqc,PASS,PASS,PASS,FAIL,FAIL,FAIL,PASS,PASS,FAIL,FAIL,FAIL,45.45
RAPiD-Genomics_GW1804061006_UFE_172202_P05_WG05_i5-509_i7-173_S461_L002_R2_001_fastqc,PASS,WARN,WARN,FAIL,FAIL,FAIL,PASS,PASS,FAIL,FAIL,FAIL,27.27
RAPiD-Genomics_HLY23BBXX_UFE_172202_P05_WG05_i5-509_i7-173_S461_L001_R2_001_fastqc,PASS,PASS,PASS,FAIL,FAIL,FAIL,PASS,PASS,WARN,FAIL,FAIL,45.45
RAPiD-Genomics_GW1804061006_UFE_172202_P05_WD03_i5-509_i7-135_S423_L001_R1_001_fastqc,PASS,PASS,PASS,FAIL,FAIL,FAIL,PASS,PASS,WARN,FAIL,FAIL,45.45
RAPiD-Genomics_GW180409000_UFE_172202_P05_WG07_i5-509_i7-175_S463_L001_R1_001_fastqc,PASS,PASS,PASS,FAIL,FAIL,FAIL,PASS,PASS,FAIL,FAIL,FAIL,45.45
RAPiD-Genomics_HLY23BBXX_UFE_172202_P05_WG05_i5-509_i7-173_S461_L002_R2_001_fastqc,PASS,PASS,PASS,FAIL,FAIL,WARN,PASS,PASS,WARN,FAIL,FAIL,45.45
RAPiD-Genomics_GW180409000_UFE_172202_P05_WG12_i5-509_i7-180_S468_L001_R1_001_fastqc,PASS,PASS,PASS,FAIL,FAIL,FAIL,PASS,PASS,FAIL,FAIL,FAIL,45.45
RAPiD-Genomics_HLY23BBXX_UFE_172202_P05_WF05_i5-509_i7-161_S449_L003_R2_001_fastqc,PASS,PASS,PASS,FAIL,FAIL,FAIL,PASS,PASS,WARN,FAIL,FAIL,45.45
RAPiD-Genomics_HLY23BBXX_UFE_172202_P05_WE09_i5-509_i7-153_S441_L002_R1_001_fastqc,PASS,PASS,PASS,FAIL,FAIL,FAIL,PASS,PASS,WARN,FAIL,FAIL,45.45
RAPiD-Genomics_GW1804061006_UFE_172202_P05_WE01_i5-509_i7-145_S433_L001_R2_001_fastqc,PASS,PASS,PASS,FAIL,FAIL,FAIL,PASS,PASS,WARN,FAIL,FAIL,45.45
RAPiD-Genomics_GW1804061006_UFE_172202_P05_WD12_i5-509_i7-144_S432_L002_R2_001_fastqc,PASS,WARN,PASS,FAIL,FAIL,WARN,PASS,PASS,WARN,FAIL,FAIL,36.36
RAPiD-Genomics_GW1804061006_UFE_172202_P05_WD09_i5-509_i7-141_S429_L001_R2_001_fastqc,PASS,PASS,PASS,FAIL,FAIL,FAIL,PASS,PASS,WARN,FAIL,FAIL,45.45
RAPiD-Genomics_HLY23BBXX_UFE_172202_P05_WE08_i5-509_i7-152_S440_L002_R2_001_fastqc,PASS,PASS,PASS,FAIL,FAIL,FAIL,PASS,PASS,WARN,FAIL,FAIL,45.45
RAPiD-Genomics_GW180220900_UFE_172202_P05_WD06_i5-509_i7-138_S825_L005_R2_001_fastqc,PASS,PASS,PASS,FAIL,FAIL,WARN,PASS,PASS,WARN,FAIL,FAIL,45.45
RAPiD-Genomics_GW1804061006_UFE_172202_P05_WE08_i5-509_i7-152_S440_L001_R2_001_fastqc,PASS,PASS,PASS,FAIL,FAIL,FAIL,PASS,PASS,WARN,FAIL,FAIL,45.45
RAPiD-Genomics_GW180409000_UFE_172202_P05_WE04_i5-509_i7-148_S436_L001_R1_001_fastqc,PASS,PASS,PASS,FAIL,FAIL,FAIL,PASS,PASS,FAIL,FAIL,FAIL,45.45
RAPiD-Genomics_GW180220900_UFE_172202_P05_WG06_i5-509_i7-174_S861_L005_R2_001_fastqc,PASS,PASS,PASS,FAIL,FAIL,FAIL,PASS,PASS,WARN,FAIL,FAIL,45.45
RAPiD-Genomics_GW1804061006_UFE_172202_P05_WG08_i5-509_i7-176_S464_L002_R2_001_fastqc,PASS,WARN,WARN,FAIL,FAIL,FAIL,PASS,PASS,FAIL,FAIL,FAIL,27.27
RAPiD-Genomics_GW1804061006_UFE_172202_P05_WE12_i5-509_i7-156_S444_L002_R1_001_fastqc,PASS,WARN,PASS,FAIL,FAIL,FAIL,PASS,PASS,FAIL,FAIL,FAIL,36.36
RAPiD-Genomics_GW1804061006_UFE_172202_P05_WE04_i5-509_i7-148_S436_L002_R1_001_fastqc,PASS,PASS,PASS,FAIL,FAIL,FAIL,PASS,PASS,FAIL,FAIL,FAIL,45.45
RAPiD-Genomics_HLY23BBXX_UFE_172202_P05_WE11_i5-509_i7-155_S443_L003_R1_001_fastqc,PASS,PASS,PASS,FAIL,FAIL,FAIL,PASS,PASS,WARN,FAIL,FAIL,45.45
RAPiD-Genomics_HLY23BBXX_UFE_172202_P05_WF12_i5-509_i7-168_S456_L003_R1_001_fastqc,PASS,PASS,PASS,FAIL,FAIL,FAIL,PASS,PASS,WARN,FAIL,FAIL,45.45
RAPiD-Genomics_HLY23BBXX_UFE_172202_P05_WF08_i5-509_i7-164_S452_L001_R1_001_fastqc,PASS,PASS,PASS,FAIL,FAIL,FAIL,PASS,PASS,WARN,FAIL,FAIL,45.45
RAPiD-Genomics_GW180220900_UFE_172202_P05_WG11_i5-509_i7-179_S866_L005_R2_001_fastqc,PASS,PASS,PASS,FAIL,FAIL,FAIL,PASS,PASS,WARN,FAIL,FAIL,45.45
RAPiD-Genomics_HLY23BBXX_UFE_172202_P05_WE10_i5-509_i7-154_S442_L002_R1_001_fastqc,PASS,PASS,PASS,FAIL,FAIL,WARN,PASS,PASS,FAIL,FAIL,FAIL,45.45
RAPiD-Genomics_GW1804061006_UFE_172202_P05_WD09_i5-509_i7-141_S429_L001_R1_001_fastqc,PASS,PASS,PASS,FAIL,FAIL,FAIL,PASS,PASS,WARN,FAIL,FAIL,45.45
RAPiD-Genomics_HLY23BBXX_UFE_172202_P05_WD12_i5-509_i7-144_S432_L003_R2_001_fastqc,PASS,PASS,PASS,FAIL,FAIL,FAIL,PASS,PASS,WARN,FAIL,FAIL,45.45
RAPiD-Genomics_GW180220900_UFE_172202_P05_WD12_i5-509_i7-144_S831_L005_R2_001_fastqc,PASS,PASS,PASS,FAIL,FAIL,FAIL,PASS,PASS,WARN,FAIL,FAIL,45.45
RAPiD-Genomics_GW180220900_UFE_172202_P05_WF11_i5-509_i7-167_S854_L005_R1_001_fastqc,PASS,PASS,PASS,FAIL,FAIL,FAIL,PASS,PASS,FAIL,FAIL,FAIL,45.45
RAPiD-Genomics_HLY23BBXX_UFE_172202_P05_WF10_i5-509_i7-166_S454_L001_R1_001_fastqc,PASS,PASS,PASS,FAIL,FAIL,FAIL,PASS,PASS,WARN,FAIL,FAIL,45.45
RAPiD-Genomics_GW1804061006_UFE_172202_P05_WF02_i5-509_i7-158_S446_L002_R2_001_fastqc,PASS,WARN,PASS,FAIL,FAIL,FAIL,PASS,PASS,WARN,FAIL,FAIL,36.36
RAPiD-Genomics_GW180220900_UFE_172202_P05_WE07_i5-509_i7-151_S838_L005_R1_001_fastqc,PASS,PASS,PASS,FAIL,FAIL,FAIL,PASS,PASS,FAIL,FAIL,FAIL,45.45
RAPiD-Genomics_GW180409000_UFE_172202_P05_WG11_i5-509_i7-179_S467_L001_R2_001_fastqc,PASS,PASS,PASS,FAIL,FAIL,FAIL,PASS,PASS,FAIL,FAIL,FAIL,45.45
RAPiD-Genomics_HLY23BBXX_UFE_172202_P05_WF02_i5-509_i7-158_S446_L002_R2_001_fastqc,PASS,PASS,PASS,FAIL,FAIL,FAIL,PASS,PASS,WARN,FAIL,FAIL,45.45
RAPiD-Genomics_HLY23BBXX_UFE_172202_P05_WD10_i5-509_i7-142_S430_L001_R2_001_fastqc,PASS,PASS,PASS,FAIL,FAIL,FAIL,PASS,PASS,WARN,FAIL,FAIL,45.45
RAPiD-Genomics_GW1804061006_UFE_172202_P05_WD10_i5-509_i7-142_S430_L001_R1_001_fastqc,PASS,PASS,PASS,FAIL,FAIL,FAIL,PASS,PASS,WARN,FAIL,FAIL,45.45
RAPiD-Genomics_GW1804061006_UFE_172202_P05_WG10_i5-509_i7-178_S466_L001_R2_001_fastqc,PASS,PASS,PASS,FAIL,FAIL,FAIL,PASS,PASS,WARN,FAIL,FAIL,45.45
RAPiD-Genomics_GW180220900_UFE_172202_P05_WF05_i5-509_i7-161_S848_L005_R2_001_fastqc,PASS,PASS,PASS,FAIL,FAIL,FAIL,PASS,PASS,WARN,FAIL,FAIL,45.45
RAPiD-Genomics_GW180220900_UFE_172202_P05_WG07_i5-509_i7-175_S862_L005_R1_001_fastqc,PASS,PASS,PASS,FAIL,FAIL,FAIL,PASS,PASS,FAIL,FAIL,FAIL,45.45
RAPiD-Genomics_GW1804061006_UFE_172202_P05_WG07_i5-509_i7-175_S463_L001_R2_001_fastqc,PASS,PASS,PASS,FAIL,FAIL,FAIL,PASS,PASS,WARN,FAIL,FAIL,45.45
RAPiD-Genomics_GW1804061006_UFE_172202_P05_WG02_i5-509_i7-170_S458_L001_R1_001_fastqc,PASS,PASS,PASS,FAIL,FAIL,FAIL,PASS,PASS,FAIL,FAIL,FAIL,45.45
RAPiD-Genomics_HLY23BBXX_UFE_172202_P05_WG07_i5-509_i7-175_S463_L003_R1_001_fastqc,PASS,PASS,PASS,FAIL,FAIL,FAIL,PASS,PASS,WARN,FAIL,FAIL,45.45
RAPiD-Genomics_GW1804061006_UFE_172202_P05_WG01_i5-509_i7-169_S457_L002_R1_001_fastqc,PASS,PASS,PASS,FAIL,FAIL,FAIL,PASS,PASS,FAIL,FAIL,FAIL,45.45
RAPiD-Genomics_GW180409000_UFE_172202_P05_WD11_i5-509_i7-143_S431_L001_R1_001_fastqc,PASS,PASS,PASS,FAIL,FAIL,FAIL,PASS,PASS,FAIL,FAIL,FAIL,45.45
RAPiD-Genomics_HLY23BBXX_UFE_172202_P05_WD04_i5-509_i7-136_S424_L003_R1_001_fastqc,PASS,PASS,PASS,FAIL,FAIL,FAIL,PASS,PASS,WARN,FAIL,FAIL,45.45
RAPiD-Genomics_HLY23BBXX_UFE_172202_P05_WE05_i5-509_i7-149_S437_L002_R2_001_fastqc,PASS,PASS,PASS,FAIL,FAIL,FAIL,PASS,PASS,WARN,FAIL,FAIL,45.45
RAPiD-Genomics_HLY23BBXX_UFE_172202_P05_WD10_i5-509_i7-142_S430_L001_R1_001_fastqc,PASS,PASS,PASS,FAIL,FAIL,FAIL,PASS,PASS,WARN,FAIL,FAIL,45.45
RAPiD-Genomics_GW1804061006_UFE_172202_P05_WF03_i5-509_i7-159_S447_L001_R2_001_fastqc,PASS,PASS,PASS,FAIL,FAIL,FAIL,PASS,PASS,WARN,FAIL,FAIL,45.45
RAPiD-Genomics_GW180409000_UFE_172202_P05_WD05_i5-509_i7-137_S425_L001_R1_001_fastqc,PASS,PASS,PASS,FAIL,FAIL,FAIL,PASS,PASS,FAIL,FAIL,FAIL,45.45
RAPiD-Genomics_HLY23BBXX_UFE_172202_P05_WF12_i5-509_i7-168_S456_L002_R1_001_fastqc,PASS,PASS,PASS,FAIL,FAIL,FAIL,PASS,PASS,WARN,FAIL,FAIL,45.45
RAPiD-Genomics_HLY23BBXX_UFE_172202_P05_WF11_i5-509_i7-167_S455_L003_R2_001_fastqc,PASS,PASS,PASS,FAIL,FAIL,FAIL,PASS,PASS,WARN,FAIL,FAIL,45.45
RAPiD-Genomics_GW180409000_UFE_172202_P05_WD01_i5-509_i7-133_S421_L001_R1_001_fastqc,PASS,PASS,PASS,FAIL,FAIL,FAIL,PASS,PASS,FAIL,FAIL,FAIL,45.45
RAPiD-Genomics_GW180220900_UFE_172202_P05_WG09_i5-509_i7-177_S864_L005_R2_001_fastqc,PASS,PASS,PASS,FAIL,FAIL,FAIL,PASS,PASS,WARN,FAIL,FAIL,45.45
RAPiD-Genomics_GW180409000_UFE_172202_P05_WF10_i5-509_i7-166_S454_L001_R1_001_fastqc,PASS,PASS,PASS,FAIL,FAIL,FAIL,PASS,PASS,FAIL,FAIL,FAIL,45.45
RAPiD-Genomics_HLY23BBXX_UFE_172202_P05_WE09_i5-509_i7-153_S441_L003_R2_001_fastqc,PASS,PASS,PASS,FAIL,FAIL,FAIL,PASS,PASS,WARN,FAIL,FAIL,45.45
RAPiD-Genomics_GW180220900_UFE_172202_P05_WD05_i5-509_i7-137_S824_L005_R2_001_fastqc,PASS,PASS,PASS,FAIL,FAIL,FAIL,PASS,PASS,WARN,FAIL,FAIL,45.45
RAPiD-Genomics_HLY23BBXX_UFE_172202_P05_WG08_i5-509_i7-176_S464_L001_R2_001_fastqc,PASS,PASS,PASS,FAIL,FAIL,FAIL,PASS,PASS,WARN,FAIL,FAIL,45.45
RAPiD-Genomics_HLY23BBXX_UFE_172202_P05_WE10_i5-509_i7-154_S442_L003_R1_001_fastqc,PASS,PASS,PASS,FAIL,FAIL,WARN,PASS,PASS,FAIL,FAIL,FAIL,45.45
RAPiD-Genomics_GW1804061006_UFE_172202_P05_WE12_i5-509_i7-156_S444_L001_R1_001_fastqc,PASS,PASS,PASS,FAIL,FAIL,FAIL,PASS,PASS,WARN,FAIL,FAIL,45.45
RAPiD-Genomics_GW180220900_UFE_172202_P05_WG04_i5-509_i7-172_S859_L005_R2_001_fastqc,PASS,PASS,PASS,FAIL,FAIL,FAIL,PASS,PASS,WARN,FAIL,FAIL,45.45
RAPiD-Genomics_GW1804061006_UFE_172202_P05_WG02_i5-509_i7-170_S458_L001_R2_001_fastqc,PASS,WARN,WARN,FAIL,FAIL,FAIL,PASS,PASS,WARN,FAIL,FAIL,27.27
RAPiD-Genomics_GW1804061006_UFE_172202_P05_WG04_i5-509_i7-172_S460_L001_R2_001_fastqc,PASS,PASS,PASS,FAIL,FAIL,FAIL,PASS,PASS,FAIL,FAIL,FAIL,45.45
RAPiD-Genomics_GW1804061006_UFE_172202_P05_WF05_i5-509_i7-161_S449_L001_R1_001_fastqc,PASS,PASS,PASS,FAIL,FAIL,FAIL,PASS,PASS,WARN,FAIL,FAIL,45.45
RAPiD-Genomics_HLY23BBXX_UFE_172202_P05_WD04_i5-509_i7-136_S424_L001_R1_001_fastqc,PASS,PASS,PASS,FAIL,FAIL,FAIL,PASS,PASS,WARN,FAIL,FAIL,45.45
RAPiD-Genomics_GW1804061006_UFE_172202_P05_WE06_i5-509_i7-150_S438_L002_R1_001_fastqc,PASS,PASS,PASS,FAIL,FAIL,FAIL,PASS,PASS,FAIL,FAIL,FAIL,45.45
RAPiD-Genomics_HLY23BBXX_UFE_172202_P05_WD07_i5-509_i7-139_S427_L003_R1_001_fastqc,PASS,PASS,PASS,FAIL,FAIL,FAIL,PASS,PASS,WARN,FAIL,FAIL,45.45
RAPiD-Genomics_GW180409000_UFE_172202_P05_WE12_i5-509_i7-156_S444_L001_R1_001_fastqc,PASS,PASS,PASS,FAIL,FAIL,FAIL,PASS,PASS,FAIL,FAIL,FAIL,45.45
RAPiD-Genomics_GW180220900_UFE_172202_P05_WG07_i5-509_i7-175_S862_L005_R2_001_fastqc,PASS,PASS,PASS,FAIL,FAIL,WARN,PASS,PASS,WARN,FAIL,FAIL,45.45
RAPiD-Genomics_GW1804061006_UFE_172202_P05_WF09_i5-509_i7-165_S453_L002_R1_001_fastqc,PASS,PASS,PASS,FAIL,FAIL,FAIL,PASS,PASS,FAIL,FAIL,FAIL,45.45
RAPiD-Genomics_HLY23BBXX_UFE_172202_P05_WG10_i5-509_i7-178_S466_L003_R2_001_fastqc,PASS,PASS,PASS,FAIL,FAIL,FAIL,PASS,PASS,WARN,FAIL,FAIL,45.45
RAPiD-Genomics_HLY23BBXX_UFE_172202_P05_WE01_i5-509_i7-145_S433_L001_R1_001_fastqc,PASS,PASS,PASS,FAIL,FAIL,FAIL,PASS,PASS,WARN,FAIL,FAIL,45.45
RAPiD-Genomics_HLY23BBXX_UFE_172202_P05_WF01_i5-509_i7-157_S445_L001_R1_001_fastqc,PASS,PASS,PASS,FAIL,FAIL,FAIL,PASS,PASS,WARN,FAIL,FAIL,45.45
RAPiD-Genomics_HLY23BBXX_UFE_172202_P05_WE03_i5-509_i7-147_S435_L003_R2_001_fastqc,PASS,PASS,PASS,FAIL,FAIL,FAIL,PASS,PASS,WARN,FAIL,FAIL,45.45
RAPiD-Genomics_GW1804061006_UFE_172202_P05_WF08_i5-509_i7-164_S452_L001_R1_001_fastqc,PASS,PASS,PASS,FAIL,FAIL,FAIL,PASS,PASS,WARN,FAIL,FAIL,45.45
RAPiD-Genomics_HLY23BBXX_UFE_172202_P05_WD08_i5-509_i7-140_S428_L002_R2_001_fastqc,PASS,PASS,PASS,FAIL,FAIL,FAIL,PASS,PASS,WARN,FAIL,FAIL,45.45
RAPiD-Genomics_HLY23BBXX_UFE_172202_P05_WE02_i5-509_i7-146_S434_L001_R1_001_fastqc,PASS,PASS,PASS,FAIL,FAIL,FAIL,PASS,PASS,WARN,FAIL,FAIL,45.45
RAPiD-Genomics_HLY23BBXX_UFE_172202_P05_WE04_i5-509_i7-148_S436_L001_R2_001_fastqc,PASS,PASS,PASS,FAIL,FAIL,FAIL,PASS,PASS,WARN,FAIL,FAIL,45.45
RAPiD-Genomics_HLY23BBXX_UFE_172202_P05_WD03_i5-509_i7-135_S423_L002_R2_001_fastqc,PASS,PASS,PASS,FAIL,FAIL,PASS,PASS,PASS,WARN,FAIL,FAIL,54.54
RAPiD-Genomics_GW180220900_UFE_172202_P05_WE11_i5-509_i7-155_S842_L005_R2_001_fastqc,PASS,PASS,PASS,FAIL,FAIL,FAIL,PASS,PASS,WARN,FAIL,FAIL,45.45
RAPiD-Genomics_HLY23BBXX_UFE_172202_P05_WE10_i5-509_i7-154_S442_L001_R1_001_fastqc,PASS,PASS,PASS,FAIL,FAIL,WARN,PASS,PASS,FAIL,FAIL,FAIL,45.45
RAPiD-Genomics_HLY23BBXX_UFE_172202_P05_WG08_i5-509_i7-176_S464_L002_R1_001_fastqc,PASS,PASS,PASS,FAIL,FAIL,FAIL,PASS,PASS,WARN,FAIL,FAIL,45.45
RAPiD-Genomics_GW180220900_UFE_172202_P05_WD03_i5-509_i7-135_S822_L005_R1_001_fastqc,PASS,PASS,PASS,FAIL,FAIL,FAIL,PASS,PASS,WARN,FAIL,FAIL,45.45
RAPiD-Genomics_GW1804061006_UFE_172202_P05_WG04_i5-509_i7-172_S460_L002_R2_001_fastqc,PASS,WARN,WARN,FAIL,FAIL,FAIL,PASS,PASS,FAIL,FAIL,FAIL,27.27
RAPiD-Genomics_HLY23BBXX_UFE_172202_P05_WF01_i5-509_i7-157_S445_L001_R2_001_fastqc,PASS,PASS,PASS,FAIL,FAIL,FAIL,PASS,PASS,WARN,FAIL,FAIL,45.45
RAPiD-Genomics_GW1804061006_UFE_172202_P05_WF07_i5-509_i7-163_S451_L002_R1_001_fastqc,PASS,PASS,PASS,FAIL,FAIL,FAIL,PASS,PASS,FAIL,FAIL,FAIL,45.45
RAPiD-Genomics_GW180220900_UFE_172202_P05_WE12_i5-509_i7-156_S843_L005_R2_001_fastqc,PASS,PASS,PASS,FAIL,FAIL,WARN,PASS,PASS,WARN,FAIL,FAIL,45.45
RAPiD-Genomics_HLY23BBXX_UFE_172202_P05_WE04_i5-509_i7-148_S436_L001_R1_001_fastqc,PASS,PASS,PASS,FAIL,FAIL,FAIL,PASS,PASS,WARN,FAIL,FAIL,45.45
RAPiD-Genomics_HLY23BBXX_UFE_172202_P05_WG07_i5-509_i7-175_S463_L002_R1_001_fastqc,PASS,PASS,PASS,FAIL,FAIL,FAIL,PASS,PASS,WARN,FAIL,FAIL,45.45
RAPiD-Genomics_HLY23BBXX_UFE_172202_P05_WE03_i5-509_i7-147_S435_L002_R2_001_fastqc,PASS,PASS,PASS,FAIL,FAIL,FAIL,PASS,PASS,WARN,FAIL,FAIL,45.45
RAPiD-Genomics_GW1804061006_UFE_172202_P05_WE04_i5-509_i7-148_S436_L001_R2_001_fastqc,PASS,PASS,PASS,FAIL,FAIL,WARN,PASS,PASS,WARN,FAIL,FAIL,45.45
RAPiD-Genomics_GW180409000_UFE_172202_P05_WG05_i5-509_i7-173_S461_L001_R1_001_fastqc,PASS,PASS,PASS,FAIL,FAIL,FAIL,PASS,PASS,FAIL,FAIL,FAIL,45.45
RAPiD-Genomics_HLY23BBXX_UFE_172202_P05_WG09_i5-509_i7-177_S465_L001_R1_001_fastqc,PASS,PASS,PASS,FAIL,FAIL,FAIL,PASS,PASS,WARN,FAIL,FAIL,45.45
RAPiD-Genomics_HLY23BBXX_UFE_172202_P05_WG06_i5-509_i7-174_S462_L002_R1_001_fastqc,PASS,PASS,PASS,FAIL,FAIL,WARN,PASS,PASS,WARN,FAIL,FAIL,45.45
RAPiD-Genomics_GW1804061006_UFE_172202_P05_WE01_i5-509_i7-145_S433_L001_R1_001_fastqc,PASS,PASS,PASS,FAIL,FAIL,FAIL,PASS,PASS,WARN,FAIL,FAIL,45.45
RAPiD-Genomics_HLY23BBXX_UFE_172202_P05_WF09_i5-509_i7-165_S453_L003_R2_001_fastqc,PASS,PASS,PASS,FAIL,FAIL,FAIL,PASS,PASS,WARN,FAIL,FAIL,45.45
RAPiD-Genomics_HLY23BBXX_UFE_172202_P05_WF05_i5-509_i7-161_S449_L001_R1_001_fastqc,PASS,PASS,PASS,FAIL,FAIL,FAIL,PASS,PASS,WARN,FAIL,FAIL,45.45
RAPiD-Genomics_HLY23BBXX_UFE_172202_P05_WD11_i5-509_i7-143_S431_L003_R1_001_fastqc,PASS,PASS,PASS,FAIL,FAIL,WARN,PASS,PASS,WARN,FAIL,FAIL,45.45
RAPiD-Genomics_GW180220900_UFE_172202_P05_WF07_i5-509_i7-163_S850_L005_R1_001_fastqc,PASS,PASS,PASS,FAIL,FAIL,FAIL,PASS,PASS,WARN,FAIL,FAIL,45.45
RAPiD-Genomics_HLY23BBXX_UFE_172202_P05_WE12_i5-509_i7-156_S444_L002_R1_001_fastqc,PASS,PASS,PASS,FAIL,FAIL,FAIL,PASS,PASS,WARN,FAIL,FAIL,45.45
RAPiD-Genomics_HLY23BBXX_UFE_172202_P05_WE12_i5-509_i7-156_S444_L003_R1_001_fastqc,PASS,PASS,PASS,FAIL,FAIL,FAIL,PASS,PASS,WARN,FAIL,FAIL,45.45
RAPiD-Genomics_GW1804061006_UFE_172202_P05_WD10_i5-509_i7-142_S430_L001_R2_001_fastqc,PASS,PASS,PASS,FAIL,FAIL,FAIL,PASS,PASS,WARN,FAIL,FAIL,45.45
RAPiD-Genomics_GW1804061006_UFE_172202_P05_WD05_i5-509_i7-137_S425_L002_R1_001_fastqc,PASS,PASS,PASS,FAIL,FAIL,FAIL,PASS,PASS,FAIL,FAIL,FAIL,45.45
RAPiD-Genomics_HLY23BBXX_UFE_172202_P05_WG04_i5-509_i7-172_S460_L002_R1_001_fastqc,PASS,PASS,PASS,FAIL,FAIL,FAIL,PASS,PASS,FAIL,FAIL,FAIL,45.45
RAPiD-Genomics_GW1804061006_UFE_172202_P05_WE07_i5-509_i7-151_S439_L002_R2_001_fastqc,PASS,WARN,WARN,FAIL,FAIL,WARN,PASS,PASS,FAIL,FAIL,FAIL,27.27
RAPiD-Genomics_GW180409000_UFE_172202_P05_WF05_i5-509_i7-161_S449_L001_R1_001_fastqc,PASS,PASS,PASS,FAIL,FAIL,FAIL,PASS,PASS,FAIL,FAIL,FAIL,45.45
RAPiD-Genomics_GW1804061006_UFE_172202_P05_WD08_i5-509_i7-140_S428_L002_R1_001_fastqc,PASS,WARN,WARN,FAIL,FAIL,FAIL,PASS,PASS,FAIL,FAIL,FAIL,27.27
RAPiD-Genomics_GW180220900_UFE_172202_P05_WG10_i5-509_i7-178_S865_L005_R2_001_fastqc,PASS,PASS,PASS,FAIL,FAIL,FAIL,PASS,PASS,WARN,FAIL,FAIL,45.45
RAPiD-Genomics_GW1804061006_UFE_172202_P05_WE10_i5-509_i7-154_S442_L002_R1_001_fastqc,PASS,WARN,WARN,FAIL,FAIL,FAIL,PASS,PASS,FAIL,FAIL,FAIL,27.27
RAPiD-Genomics_GW180409000_UFE_172202_P05_WD12_i5-509_i7-144_S432_L001_R2_001_fastqc,PASS,PASS,PASS,FAIL,FAIL,FAIL,PASS,PASS,FAIL,FAIL,FAIL,45.45
RAPiD-Genomics_GW1804061006_UFE_172202_P05_WG06_i5-509_i7-174_S462_L001_R2_001_fastqc,PASS,PASS,PASS,FAIL,FAIL,FAIL,PASS,PASS,WARN,FAIL,FAIL,45.45
RAPiD-Genomics_GW180409000_UFE_172202_P05_WE08_i5-509_i7-152_S440_L001_R2_001_fastqc,PASS,PASS,PASS,FAIL,FAIL,FAIL,PASS,PASS,FAIL,FAIL,FAIL,45.45
RAPiD-Genomics_GW1804061006_UFE_172202_P05_WF11_i5-509_i7-167_S455_L002_R1_001_fastqc,PASS,PASS,PASS,FAIL,FAIL,FAIL,PASS,PASS,FAIL,FAIL,FAIL,45.45
RAPiD-Genomics_GW180409000_UFE_172202_P05_WD02_i5-509_i7-134_S422_L001_R1_001_fastqc,PASS,PASS,PASS,FAIL,FAIL,FAIL,PASS,PASS,FAIL,FAIL,FAIL,45.45
RAPiD-Genomics_GW1804061006_UFE_172202_P05_WD05_i5-509_i7-137_S425_L002_R2_001_fastqc,PASS,WARN,WARN,FAIL,FAIL,WARN,PASS,PASS,WARN,FAIL,FAIL,27.27
RAPiD-Genomics_GW1804061006_UFE_172202_P05_WD02_i5-509_i7-134_S422_L001_R1_001_fastqc,PASS,PASS,PASS,FAIL,FAIL,FAIL,PASS,PASS,WARN,FAIL,FAIL,45.45
RAPiD-Genomics_GW1804061006_UFE_172202_P05_WF04_i5-509_i7-160_S448_L002_R1_001_fastqc,PASS,PASS,PASS,FAIL,FAIL,FAIL,PASS,PASS,FAIL,FAIL,FAIL,45.45
RAPiD-Genomics_HLY23BBXX_UFE_172202_P05_WE12_i5-509_i7-156_S444_L003_R2_001_fastqc,PASS,PASS,PASS,FAIL,FAIL,PASS,PASS,PASS,WARN,FAIL,FAIL,54.54
RAPiD-Genomics_GW1804061006_UFE_172202_P05_WE03_i5-509_i7-147_S435_L001_R2_001_fastqc,PASS,PASS,PASS,FAIL,FAIL,FAIL,PASS,PASS,WARN,FAIL,FAIL,45.45
RAPiD-Genomics_GW180220900_UFE_172202_P05_WD02_i5-509_i7-134_S821_L005_R2_001_fastqc,PASS,PASS,PASS,FAIL,FAIL,FAIL,PASS,PASS,WARN,FAIL,FAIL,45.45
RAPiD-Genomics_GW180409000_UFE_172202_P05_WF03_i5-509_i7-159_S447_L001_R2_001_fastqc,PASS,PASS,PASS,WARN,FAIL,FAIL,PASS,PASS,FAIL,FAIL,FAIL,45.45
RAPiD-Genomics_GW180409000_UFE_172202_P05_WG02_i5-509_i7-170_S458_L001_R2_001_fastqc,PASS,PASS,PASS,FAIL,FAIL,FAIL,PASS,PASS,FAIL,FAIL,FAIL,45.45
RAPiD-Genomics_HLY23BBXX_UFE_172202_P05_WD02_i5-509_i7-134_S422_L002_R2_001_fastqc,PASS,PASS,PASS,FAIL,FAIL,FAIL,PASS,PASS,WARN,FAIL,FAIL,45.45
RAPiD-Genomics_HLY23BBXX_UFE_172202_P05_WE02_i5-509_i7-146_S434_L001_R2_001_fastqc,PASS,PASS,PASS,FAIL,FAIL,FAIL,PASS,PASS,WARN,FAIL,FAIL,45.45
RAPiD-Genomics_GW180409000_UFE_172202_P05_WF01_i5-509_i7-157_S445_L001_R2_001_fastqc,PASS,PASS,PASS,WARN,FAIL,FAIL,PASS,PASS,FAIL,FAIL,FAIL,45.45
RAPiD-Genomics_GW180220900_UFE_172202_P05_WF04_i5-509_i7-160_S847_L005_R2_001_fastqc,PASS,PASS,PASS,FAIL,FAIL,FAIL,PASS,PASS,WARN,FAIL,FAIL,45.45
RAPiD-Genomics_GW1804061006_UFE_172202_P05_WG03_i5-509_i7-171_S459_L002_R2_001_fastqc,PASS,WARN,PASS,FAIL,FAIL,FAIL,PASS,PASS,WARN,FAIL,FAIL,36.36
RAPiD-Genomics_GW1804061006_UFE_172202_P05_WF02_i5-509_i7-158_S446_L002_R1_001_fastqc,PASS,PASS,PASS,FAIL,FAIL,FAIL,PASS,PASS,FAIL,FAIL,FAIL,45.45
RAPiD-Genomics_GW180409000_UFE_172202_P05_WF07_i5-509_i7-163_S451_L001_R1_001_fastqc,PASS,PASS,PASS,FAIL,FAIL,FAIL,PASS,PASS,FAIL,FAIL,FAIL,45.45
RAPiD-Genomics_HLY23BBXX_UFE_172202_P05_WG06_i5-509_i7-174_S462_L003_R2_001_fastqc,PASS,PASS,PASS,FAIL,FAIL,FAIL,PASS,PASS,WARN,FAIL,FAIL,45.45
RAPiD-Genomics_HLY23BBXX_UFE_172202_P05_WE03_i5-509_i7-147_S435_L002_R1_001_fastqc,PASS,PASS,PASS,FAIL,FAIL,FAIL,PASS,PASS,WARN,FAIL,FAIL,45.45
RAPiD-Genomics_HLY23BBXX_UFE_172202_P05_WG05_i5-509_i7-173_S461_L003_R2_001_fastqc,PASS,PASS,PASS,FAIL,FAIL,FAIL,PASS,PASS,WARN,FAIL,FAIL,45.45
RAPiD-Genomics_GW180220900_UFE_172202_P05_WE09_i5-509_i7-153_S840_L005_R2_001_fastqc,PASS,PASS,PASS,FAIL,FAIL,WARN,PASS,PASS,WARN,FAIL,FAIL,45.45
RAPiD-Genomics_GW1804061006_UFE_172202_P05_WG06_i5-509_i7-174_S462_L001_R1_001_fastqc,PASS,PASS,PASS,FAIL,FAIL,FAIL,PASS,PASS,WARN,FAIL,FAIL,45.45
RAPiD-Genomics_HLY23BBXX_UFE_172202_P05_WE05_i5-509_i7-149_S437_L003_R2_001_fastqc,PASS,PASS,PASS,FAIL,FAIL,FAIL,PASS,PASS,WARN,FAIL,FAIL,45.45
RAPiD-Genomics_HLY23BBXX_UFE_172202_P05_WG01_i5-509_i7-169_S457_L001_R2_001_fastqc,PASS,PASS,PASS,FAIL,FAIL,FAIL,PASS,PASS,WARN,FAIL,FAIL,45.45
RAPiD-Genomics_GW180409000_UFE_172202_P05_WE01_i5-509_i7-145_S433_L001_R2_001_fastqc,PASS,PASS,PASS,WARN,FAIL,FAIL,PASS,PASS,FAIL,FAIL,FAIL,45.45
RAPiD-Genomics_GW1804061006_UFE_172202_P05_WG05_i5-509_i7-173_S461_L001_R2_001_fastqc,PASS,PASS,PASS,FAIL,FAIL,FAIL,PASS,PASS,WARN,FAIL,FAIL,45.45
RAPiD-Genomics_GW1804061006_UFE_172202_P05_WG04_i5-509_i7-172_S460_L002_R1_001_fastqc,PASS,PASS,PASS,FAIL,FAIL,FAIL,PASS,PASS,FAIL,FAIL,FAIL,45.45
RAPiD-Genomics_HLY23BBXX_UFE_172202_P05_WF11_i5-509_i7-167_S455_L001_R1_001_fastqc,PASS,PASS,PASS,FAIL,FAIL,FAIL,PASS,PASS,WARN,FAIL,FAIL,45.45
RAPiD-Genomics_GW1804061006_UFE_172202_P05_WD01_i5-509_i7-133_S421_L002_R1_001_fastqc,PASS,PASS,PASS,FAIL,FAIL,FAIL,PASS,PASS,FAIL,FAIL,FAIL,45.45
RAPiD-Genomics_GW180220900_UFE_172202_P05_WF01_i5-509_i7-157_S844_L005_R1_001_fastqc,PASS,PASS,PASS,FAIL,FAIL,FAIL,PASS,PASS,WARN,FAIL,FAIL,45.45
RAPiD-Genomics_HLY23BBXX_UFE_172202_P05_WE02_i5-509_i7-146_S434_L003_R1_001_fastqc,PASS,PASS,PASS,FAIL,FAIL,FAIL,PASS,PASS,WARN,FAIL,FAIL,45.45
RAPiD-Genomics_HLY23BBXX_UFE_172202_P05_WF09_i5-509_i7-165_S453_L002_R1_001_fastqc,PASS,PASS,PASS,FAIL,FAIL,FAIL,PASS,PASS,WARN,FAIL,FAIL,45.45
RAPiD-Genomics_GW1804061006_UFE_172202_P05_WD12_i5-509_i7-144_S432_L001_R1_001_fastqc,PASS,PASS,PASS,FAIL,FAIL,FAIL,PASS,PASS,WARN,FAIL,FAIL,45.45
RAPiD-Genomics_GW1804061006_UFE_172202_P05_WF10_i5-509_i7-166_S454_L001_R2_001_fastqc,PASS,PASS,PASS,FAIL,FAIL,FAIL,PASS,PASS,WARN,FAIL,FAIL,45.45
RAPiD-Genomics_HLY23BBXX_UFE_172202_P05_WE05_i5-509_i7-149_S437_L001_R2_001_fastqc,PASS,PASS,PASS,FAIL,FAIL,FAIL,PASS,PASS,WARN,FAIL,FAIL,45.45
RAPiD-Genomics_HLY23BBXX_UFE_172202_P05_WG09_i5-509_i7-177_S465_L003_R2_001_fastqc,PASS,PASS,PASS,FAIL,FAIL,FAIL,PASS,PASS,WARN,FAIL,FAIL,45.45
RAPiD-Genomics_HLY23BBXX_UFE_172202_P05_WD01_i5-509_i7-133_S421_L003_R2_001_fastqc,PASS,PASS,PASS,FAIL,FAIL,FAIL,PASS,PASS,WARN,FAIL,FAIL,45.45
RAPiD-Genomics_GW1804061006_UFE_172202_P05_WF12_i5-509_i7-168_S456_L001_R2_001_fastqc,PASS,PASS,PASS,FAIL,FAIL,FAIL,PASS,PASS,WARN,FAIL,FAIL,45.45
RAPiD-Genomics_HLY23BBXX_UFE_172202_P05_WF07_i5-509_i7-163_S451_L003_R1_001_fastqc,PASS,PASS,PASS,FAIL,FAIL,FAIL,PASS,PASS,WARN,FAIL,FAIL,45.45
RAPiD-Genomics_HLY23BBXX_UFE_172202_P05_WE09_i5-509_i7-153_S441_L001_R2_001_fastqc,PASS,PASS,PASS,FAIL,FAIL,FAIL,PASS,PASS,WARN,FAIL,FAIL,45.45
RAPiD-Genomics_GW180220900_UFE_172202_P05_WD10_i5-509_i7-142_S829_L005_R1_001_fastqc,PASS,PASS,PASS,FAIL,FAIL,FAIL,PASS,PASS,WARN,FAIL,FAIL,45.45
RAPiD-Genomics_GW180220900_UFE_172202_P05_WD08_i5-509_i7-140_S827_L005_R1_001_fastqc,PASS,PASS,PASS,FAIL,FAIL,FAIL,PASS,PASS,FAIL,FAIL,FAIL,45.45
RAPiD-Genomics_GW180409000_UFE_172202_P05_WG08_i5-509_i7-176_S464_L001_R2_001_fastqc,PASS,PASS,PASS,FAIL,FAIL,FAIL,PASS,PASS,FAIL,FAIL,FAIL,45.45
RAPiD-Genomics_GW1804061006_UFE_172202_P05_WG09_i5-509_i7-177_S465_L002_R2_001_fastqc,PASS,WARN,PASS,FAIL,FAIL,WARN,PASS,PASS,FAIL,FAIL,FAIL,36.36
RAPiD-Genomics_HLY23BBXX_UFE_172202_P05_WE07_i5-509_i7-151_S439_L001_R1_001_fastqc,PASS,PASS,PASS,FAIL,FAIL,FAIL,PASS,PASS,WARN,FAIL,FAIL,45.45
RAPiD-Genomics_GW1804061006_UFE_172202_P05_WD02_i5-509_i7-134_S422_L002_R1_001_fastqc,PASS,PASS,PASS,FAIL,FAIL,FAIL,PASS,PASS,FAIL,FAIL,FAIL,45.45
RAPiD-Genomics_HLY23BBXX_UFE_172202_P05_WF04_i5-509_i7-160_S448_L002_R1_001_fastqc,PASS,PASS,PASS,FAIL,FAIL,FAIL,PASS,PASS,WARN,FAIL,FAIL,45.45
RAPiD-Genomics_HLY23BBXX_UFE_172202_P05_WG02_i5-509_i7-170_S458_L003_R1_001_fastqc,PASS,PASS,PASS,FAIL,FAIL,WARN,PASS,PASS,WARN,FAIL,FAIL,45.45
RAPiD-Genomics_GW180220900_UFE_172202_P05_WE04_i5-509_i7-148_S835_L005_R2_001_fastqc,PASS,PASS,PASS,FAIL,FAIL,FAIL,PASS,PASS,WARN,FAIL,FAIL,45.45
RAPiD-Genomics_HLY23BBXX_UFE_172202_P05_WF07_i5-509_i7-163_S451_L001_R1_001_fastqc,PASS,PASS,PASS,FAIL,FAIL,FAIL,PASS,PASS,WARN,FAIL,FAIL,45.45
RAPiD-Genomics_GW180409000_UFE_172202_P05_WG09_i5-509_i7-177_S465_L001_R1_001_fastqc,PASS,PASS,PASS,FAIL,FAIL,FAIL,PASS,PASS,FAIL,FAIL,FAIL,45.45
RAPiD-Genomics_GW1804061006_UFE_172202_P05_WE06_i5-509_i7-150_S438_L001_R2_001_fastqc,PASS,PASS,PASS,FAIL,FAIL,FAIL,PASS,PASS,WARN,FAIL,FAIL,45.45
RAPiD-Genomics_HLY23BBXX_UFE_172202_P05_WE07_i5-509_i7-151_S439_L003_R2_001_fastqc,PASS,PASS,PASS,FAIL,FAIL,FAIL,PASS,PASS,WARN,FAIL,FAIL,45.45
RAPiD-Genomics_HLY23BBXX_UFE_172202_P05_WF10_i5-509_i7-166_S454_L003_R1_001_fastqc,PASS,PASS,PASS,FAIL,FAIL,FAIL,PASS,PASS,WARN,FAIL,FAIL,45.45
RAPiD-Genomics_GW180409000_UFE_172202_P05_WF12_i5-509_i7-168_S456_L001_R2_001_fastqc,PASS,PASS,PASS,FAIL,FAIL,FAIL,PASS,PASS,FAIL,FAIL,FAIL,45.45
RAPiD-Genomics_GW1804061006_UFE_172202_P05_WE04_i5-509_i7-148_S436_L001_R1_001_fastqc,PASS,PASS,PASS,FAIL,FAIL,FAIL,PASS,PASS,WARN,FAIL,FAIL,45.45
RAPiD-Genomics_HLY23BBXX_UFE_172202_P05_WF11_i5-509_i7-167_S455_L003_R1_001_fastqc,PASS,PASS,PASS,FAIL,FAIL,FAIL,PASS,PASS,WARN,FAIL,FAIL,45.45
RAPiD-Genomics_HLY23BBXX_UFE_172202_P05_WF02_i5-509_i7-158_S446_L001_R2_001_fastqc,PASS,PASS,PASS,FAIL,FAIL,FAIL,PASS,PASS,WARN,FAIL,FAIL,45.45
RAPiD-Genomics_HLY23BBXX_UFE_172202_P05_WG07_i5-509_i7-175_S463_L001_R2_001_fastqc,PASS,PASS,PASS,FAIL,FAIL,FAIL,PASS,PASS,WARN,FAIL,FAIL,45.45
RAPiD-Genomics_GW180220900_UFE_172202_P05_WD03_i5-509_i7-135_S822_L005_R2_001_fastqc,PASS,PASS,PASS,FAIL,FAIL,WARN,PASS,PASS,WARN,FAIL,FAIL,45.45
RAPiD-Genomics_HLY23BBXX_UFE_172202_P05_WE03_i5-509_i7-147_S435_L003_R1_001_fastqc,PASS,PASS,PASS,FAIL,FAIL,FAIL,PASS,PASS,WARN,FAIL,FAIL,45.45
RAPiD-Genomics_GW1804061006_UFE_172202_P05_WG03_i5-509_i7-171_S459_L001_R1_001_fastqc,PASS,PASS,PASS,FAIL,FAIL,FAIL,PASS,PASS,WARN,FAIL,FAIL,45.45
RAPiD-Genomics_GW180220900_UFE_172202_P05_WF08_i5-509_i7-164_S851_L005_R1_001_fastqc,PASS,PASS,PASS,FAIL,FAIL,FAIL,PASS,PASS,FAIL,FAIL,FAIL,45.45
RAPiD-Genomics_HLY23BBXX_UFE_172202_P05_WD02_i5-509_i7-134_S422_L001_R1_001_fastqc,PASS,PASS,PASS,FAIL,FAIL,FAIL,PASS,PASS,WARN,FAIL,FAIL,45.45
RAPiD-Genomics_GW1804061006_UFE_172202_P05_WF05_i5-509_i7-161_S449_L002_R1_001_fastqc,PASS,PASS,PASS,FAIL,FAIL,FAIL,PASS,PASS,FAIL,FAIL,FAIL,45.45
RAPiD-Genomics_HLY23BBXX_UFE_172202_P05_WE06_i5-509_i7-150_S438_L003_R2_001_fastqc,PASS,PASS,PASS,FAIL,FAIL,FAIL,PASS,PASS,WARN,FAIL,FAIL,45.45
RAPiD-Genomics_HLY23BBXX_UFE_172202_P05_WF08_i5-509_i7-164_S452_L002_R1_001_fastqc,PASS,PASS,PASS,FAIL,FAIL,FAIL,PASS,PASS,WARN,FAIL,FAIL,45.45
RAPiD-Genomics_GW1804061006_UFE_172202_P05_WE08_i5-509_i7-152_S440_L002_R2_001_fastqc,PASS,WARN,WARN,FAIL,FAIL,FAIL,PASS,PASS,FAIL,FAIL,FAIL,27.27
RAPiD-Genomics_HLY23BBXX_UFE_172202_P05_WD07_i5-509_i7-139_S427_L001_R1_001_fastqc,PASS,PASS,PASS,FAIL,FAIL,FAIL,PASS,PASS,WARN,FAIL,FAIL,45.45
RAPiD-Genomics_HLY23BBXX_UFE_172202_P05_WG11_i5-509_i7-179_S467_L001_R1_001_fastqc,PASS,PASS,PASS,FAIL,FAIL,FAIL,PASS,PASS,WARN,FAIL,FAIL,45.45
RAPiD-Genomics_GW180409000_UFE_172202_P05_WE10_i5-509_i7-154_S442_L001_R1_001_fastqc,PASS,PASS,PASS,FAIL,FAIL,FAIL,PASS,PASS,FAIL,FAIL,FAIL,45.45
RAPiD-Genomics_HLY23BBXX_UFE_172202_P05_WG04_i5-509_i7-172_S460_L001_R1_001_fastqc,PASS,PASS,PASS,FAIL,FAIL,FAIL,PASS,PASS,FAIL,FAIL,FAIL,45.45
RAPiD-Genomics_HLY23BBXX_UFE_172202_P05_WF06_i5-509_i7-162_S450_L003_R2_001_fastqc,PASS,PASS,PASS,FAIL,FAIL,FAIL,PASS,PASS,WARN,FAIL,FAIL,45.45
RAPiD-Genomics_GW180409000_UFE_172202_P05_WG08_i5-509_i7-176_S464_L001_R1_001_fastqc,PASS,PASS,PASS,FAIL,FAIL,FAIL,PASS,PASS,FAIL,FAIL,FAIL,45.45
RAPiD-Genomics_GW180220900_UFE_172202_P05_WF09_i5-509_i7-165_S852_L005_R2_001_fastqc,PASS,PASS,PASS,FAIL,FAIL,WARN,PASS,PASS,WARN,FAIL,FAIL,45.45
RAPiD-Genomics_HLY23BBXX_UFE_172202_P05_WF11_i5-509_i7-167_S455_L002_R2_001_fastqc,PASS,PASS,PASS,FAIL,FAIL,FAIL,PASS,PASS,WARN,FAIL,FAIL,45.45
RAPiD-Genomics_GW1804061006_UFE_172202_P05_WF12_i5-509_i7-168_S456_L002_R2_001_fastqc,PASS,WARN,PASS,FAIL,FAIL,WARN,PASS,PASS,WARN,FAIL,FAIL,36.36
RAPiD-Genomics_GW180220900_UFE_172202_P05_WG09_i5-509_i7-177_S864_L005_R1_001_fastqc,PASS,PASS,PASS,FAIL,FAIL,FAIL,PASS,PASS,FAIL,FAIL,FAIL,45.45
RAPiD-Genomics_HLY23BBXX_UFE_172202_P05_WD09_i5-509_i7-141_S429_L003_R1_001_fastqc,PASS,PASS,PASS,FAIL,FAIL,FAIL,PASS,PASS,WARN,FAIL,FAIL,45.45
RAPiD-Genomics_GW180409000_UFE_172202_P05_WE01_i5-509_i7-145_S433_L001_R1_001_fastqc,PASS,PASS,PASS,FAIL,FAIL,FAIL,PASS,PASS,FAIL,FAIL,FAIL,45.45
RAPiD-Genomics_GW1804061006_UFE_172202_P05_WG06_i5-509_i7-174_S462_L002_R2_001_fastqc,PASS,WARN,WARN,FAIL,FAIL,FAIL,PASS,PASS,FAIL,FAIL,FAIL,27.27
RAPiD-Genomics_GW180220900_UFE_172202_P05_WG04_i5-509_i7-172_S859_L005_R1_001_fastqc,PASS,PASS,PASS,FAIL,FAIL,FAIL,PASS,PASS,FAIL,FAIL,FAIL,45.45
RAPiD-Genomics_HLY23BBXX_UFE_172202_P05_WD07_i5-509_i7-139_S427_L003_R2_001_fastqc,PASS,PASS,PASS,FAIL,FAIL,FAIL,PASS,PASS,WARN,FAIL,FAIL,45.45
RAPiD-Genomics_HLY23BBXX_UFE_172202_P05_WG08_i5-509_i7-176_S464_L003_R1_001_fastqc,PASS,PASS,PASS,FAIL,FAIL,FAIL,PASS,PASS,WARN,FAIL,FAIL,45.45
RAPiD-Genomics_GW1804061006_UFE_172202_P05_WF03_i5-509_i7-159_S447_L002_R1_001_fastqc,PASS,PASS,PASS,FAIL,FAIL,FAIL,PASS,PASS,FAIL,FAIL,FAIL,45.45
RAPiD-Genomics_HLY23BBXX_UFE_172202_P05_WD07_i5-509_i7-139_S427_L002_R2_001_fastqc,PASS,PASS,PASS,FAIL,FAIL,WARN,PASS,PASS,WARN,FAIL,FAIL,45.45
RAPiD-Genomics_GW1804061006_UFE_172202_P05_WG09_i5-509_i7-177_S465_L001_R2_001_fastqc,PASS,PASS,PASS,FAIL,FAIL,WARN,PASS,PASS,WARN,FAIL,FAIL,45.45
RAPiD-Genomics_HLY23BBXX_UFE_172202_P05_WF03_i5-509_i7-159_S447_L002_R2_001_fastqc,PASS,PASS,PASS,FAIL,FAIL,FAIL,PASS,PASS,WARN,FAIL,FAIL,45.45
RAPiD-Genomics_HLY23BBXX_UFE_172202_P05_WD10_i5-509_i7-142_S430_L003_R1_001_fastqc,PASS,PASS,PASS,FAIL,FAIL,FAIL,PASS,PASS,WARN,FAIL,FAIL,45.45
RAPiD-Genomics_GW1804061006_UFE_172202_P05_WF09_i5-509_i7-165_S453_L001_R1_001_fastqc,PASS,PASS,PASS,FAIL,FAIL,FAIL,PASS,PASS,FAIL,FAIL,FAIL,45.45
RAPiD-Genomics_GW180409000_UFE_172202_P05_WG04_i5-509_i7-172_S460_L001_R2_001_fastqc,PASS,PASS,PASS,FAIL,FAIL,FAIL,PASS,PASS,FAIL,FAIL,FAIL,45.45
RAPiD-Genomics_GW180220900_UFE_172202_P05_WE11_i5-509_i7-155_S842_L005_R1_001_fastqc,PASS,PASS,PASS,FAIL,FAIL,FAIL,PASS,PASS,WARN,FAIL,FAIL,45.45
RAPiD-Genomics_HLY23BBXX_UFE_172202_P05_WD03_i5-509_i7-135_S423_L001_R2_001_fastqc,PASS,PASS,PASS,FAIL,FAIL,WARN,PASS,PASS,WARN,FAIL,FAIL,45.45
RAPiD-Genomics_HLY23BBXX_UFE_172202_P05_WG09_i5-509_i7-177_S465_L002_R2_001_fastqc,PASS,PASS,PASS,FAIL,FAIL,FAIL,PASS,PASS,WARN,FAIL,FAIL,45.45
RAPiD-Genomics_GW180409000_UFE_172202_P05_WE09_i5-509_i7-153_S441_L001_R2_001_fastqc,PASS,PASS,PASS,FAIL,FAIL,FAIL,PASS,PASS,FAIL,FAIL,FAIL,45.45
RAPiD-Genomics_GW180220900_UFE_172202_P05_WD10_i5-509_i7-142_S829_L005_R2_001_fastqc,PASS,PASS,PASS,FAIL,FAIL,FAIL,PASS,PASS,WARN,FAIL,FAIL,45.45
RAPiD-Genomics_GW180220900_UFE_172202_P05_WD01_i5-509_i7-133_S820_L005_R2_001_fastqc,PASS,PASS,PASS,FAIL,FAIL,FAIL,PASS,PASS,WARN,FAIL,FAIL,45.45
RAPiD-Genomics_GW1804061006_UFE_172202_P05_WE11_i5-509_i7-155_S443_L002_R2_001_fastqc,PASS,WARN,PASS,FAIL,FAIL,WARN,PASS,PASS,WARN,FAIL,FAIL,36.36
RAPiD-Genomics_HLY23BBXX_UFE_172202_P05_WE10_i5-509_i7-154_S442_L002_R2_001_fastqc,PASS,PASS,PASS,FAIL,FAIL,FAIL,PASS,PASS,WARN,FAIL,FAIL,45.45
RAPiD-Genomics_GW1804061006_UFE_172202_P05_WF02_i5-509_i7-158_S446_L001_R1_001_fastqc,PASS,PASS,PASS,FAIL,FAIL,FAIL,PASS,PASS,WARN,FAIL,FAIL,45.45
RAPiD-Genomics_GW180409000_UFE_172202_P05_WG06_i5-509_i7-174_S462_L001_R1_001_fastqc,PASS,PASS,PASS,FAIL,FAIL,FAIL,PASS,PASS,FAIL,FAIL,FAIL,45.45
RAPiD-Genomics_GW1804061006_UFE_172202_P05_WD07_i5-509_i7-139_S427_L001_R2_001_fastqc,PASS,PASS,PASS,FAIL,FAIL,FAIL,PASS,PASS,WARN,FAIL,FAIL,45.45
RAPiD-Genomics_GW1804061006_UFE_172202_P05_WF11_i5-509_i7-167_S455_L001_R1_001_fastqc,PASS,PASS,PASS,FAIL,FAIL,FAIL,PASS,PASS,WARN,FAIL,FAIL,45.45
RAPiD-Genomics_HLY23BBXX_UFE_172202_P05_WG03_i5-509_i7-171_S459_L003_R1_001_fastqc,PASS,PASS,PASS,FAIL,FAIL,FAIL,PASS,PASS,WARN,FAIL,FAIL,45.45
RAPiD-Genomics_GW1804061006_UFE_172202_P05_WF05_i5-509_i7-161_S449_L001_R2_001_fastqc,PASS,PASS,PASS,FAIL,FAIL,FAIL,PASS,PASS,WARN,FAIL,FAIL,45.45
RAPiD-Genomics_HLY23BBXX_UFE_172202_P05_WE03_i5-509_i7-147_S435_L001_R1_001_fastqc,PASS,PASS,PASS,FAIL,FAIL,FAIL,PASS,PASS,WARN,FAIL,FAIL,45.45
RAPiD-Genomics_GW1804061006_UFE_172202_P05_WF03_i5-509_i7-159_S447_L002_R2_001_fastqc,PASS,WARN,WARN,FAIL,FAIL,WARN,PASS,PASS,FAIL,FAIL,FAIL,27.27
RAPiD-Genomics_HLY23BBXX_UFE_172202_P05_WD06_i5-509_i7-138_S426_L002_R1_001_fastqc,PASS,PASS,PASS,FAIL,FAIL,WARN,PASS,PASS,WARN,FAIL,FAIL,45.45
RAPiD-Genomics_GW180409000_UFE_172202_P05_WE08_i5-509_i7-152_S440_L001_R1_001_fastqc,PASS,PASS,PASS,FAIL,FAIL,FAIL,PASS,PASS,FAIL,FAIL,FAIL,45.45
RAPiD-Genomics_GW1804061006_UFE_172202_P05_WG09_i5-509_i7-177_S465_L002_R1_001_fastqc,PASS,PASS,PASS,FAIL,FAIL,FAIL,PASS,PASS,FAIL,FAIL,FAIL,45.45
RAPiD-Genomics_HLY23BBXX_UFE_172202_P05_WF04_i5-509_i7-160_S448_L003_R1_001_fastqc,PASS,PASS,PASS,FAIL,FAIL,FAIL,PASS,PASS,WARN,FAIL,FAIL,45.45
RAPiD-Genomics_GW1804061006_UFE_172202_P05_WD11_i5-509_i7-143_S431_L001_R2_001_fastqc,PASS,PASS,PASS,FAIL,FAIL,FAIL,PASS,PASS,WARN,FAIL,FAIL,45.45
RAPiD-Genomics_HLY23BBXX_UFE_172202_P05_WG08_i5-509_i7-176_S464_L002_R2_001_fastqc,PASS,PASS,PASS,FAIL,FAIL,FAIL,PASS,PASS,WARN,FAIL,FAIL,45.45
RAPiD-Genomics_GW180220900_UFE_172202_P05_WE07_i5-509_i7-151_S838_L005_R2_001_fastqc,PASS,PASS,PASS,FAIL,FAIL,WARN,PASS,PASS,WARN,FAIL,FAIL,45.45
RAPiD-Genomics_GW1804061006_UFE_172202_P05_WF06_i5-509_i7-162_S450_L001_R1_001_fastqc,PASS,PASS,PASS,FAIL,FAIL,FAIL,PASS,PASS,WARN,FAIL,FAIL,45.45
RAPiD-Genomics_GW1804061006_UFE_172202_P05_WE03_i5-509_i7-147_S435_L002_R1_001_fastqc,PASS,PASS,PASS,FAIL,FAIL,FAIL,PASS,PASS,FAIL,FAIL,FAIL,45.45
RAPiD-Genomics_GW1804061006_UFE_172202_P05_WG05_i5-509_i7-173_S461_L001_R1_001_fastqc,PASS,PASS,PASS,FAIL,FAIL,FAIL,PASS,PASS,WARN,FAIL,FAIL,45.45
RAPiD-Genomics_HLY23BBXX_UFE_172202_P05_WE06_i5-509_i7-150_S438_L002_R1_001_fastqc,PASS,PASS,PASS,FAIL,FAIL,WARN,PASS,PASS,WARN,FAIL,FAIL,45.45
RAPiD-Genomics_GW180220900_UFE_172202_P05_WG06_i5-509_i7-174_S861_L005_R1_001_fastqc,PASS,PASS,PASS,FAIL,FAIL,FAIL,PASS,PASS,FAIL,FAIL,FAIL,45.45
RAPiD-Genomics_GW180409000_UFE_172202_P05_WD07_i5-509_i7-139_S427_L001_R1_001_fastqc,PASS,PASS,PASS,FAIL,FAIL,FAIL,PASS,PASS,FAIL,FAIL,FAIL,45.45
RAPiD-Genomics_HLY23BBXX_UFE_172202_P05_WE01_i5-509_i7-145_S433_L002_R2_001_fastqc,PASS,PASS,PASS,FAIL,FAIL,FAIL,PASS,PASS,WARN,FAIL,FAIL,45.45
RAPiD-Genomics_GW1804061006_UFE_172202_P05_WF07_i5-509_i7-163_S451_L002_R2_001_fastqc,PASS,WARN,WARN,FAIL,FAIL,WARN,PASS,PASS,FAIL,FAIL,FAIL,27.27
RAPiD-Genomics_HLY23BBXX_UFE_172202_P05_WG04_i5-509_i7-172_S460_L003_R2_001_fastqc,PASS,PASS,PASS,FAIL,FAIL,FAIL,PASS,PASS,WARN,FAIL,FAIL,45.45
RAPiD-Genomics_HLY23BBXX_UFE_172202_P05_WF09_i5-509_i7-165_S453_L001_R2_001_fastqc,PASS,PASS,PASS,FAIL,FAIL,FAIL,PASS,PASS,WARN,FAIL,FAIL,45.45
RAPiD-Genomics_HLY23BBXX_UFE_172202_P05_WD09_i5-509_i7-141_S429_L002_R1_001_fastqc,PASS,PASS,PASS,FAIL,FAIL,WARN,PASS,PASS,WARN,FAIL,FAIL,45.45
RAPiD-Genomics_GW1804061006_UFE_172202_P05_WF01_i5-509_i7-157_S445_L002_R1_001_fastqc,PASS,PASS,PASS,FAIL,FAIL,FAIL,PASS,PASS,FAIL,FAIL,FAIL,45.45
RAPiD-Genomics_GW180220900_UFE_172202_P05_WE10_i5-509_i7-154_S841_L005_R1_001_fastqc,PASS,PASS,PASS,FAIL,FAIL,FAIL,PASS,PASS,FAIL,FAIL,FAIL,45.45
RAPiD-Genomics_HLY23BBXX_UFE_172202_P05_WF06_i5-509_i7-162_S450_L002_R2_001_fastqc,PASS,PASS,PASS,FAIL,FAIL,FAIL,PASS,PASS,WARN,FAIL,FAIL,45.45
RAPiD-Genomics_HLY23BBXX_UFE_172202_P05_WG10_i5-509_i7-178_S466_L002_R1_001_fastqc,PASS,PASS,PASS,FAIL,FAIL,FAIL,PASS,PASS,WARN,FAIL,FAIL,45.45
RAPiD-Genomics_GW1804061006_UFE_172202_P05_WD12_i5-509_i7-144_S432_L002_R1_001_fastqc,PASS,PASS,PASS,FAIL,FAIL,FAIL,PASS,PASS,FAIL,FAIL,FAIL,45.45
RAPiD-Genomics_GW180220900_UFE_172202_P05_WF06_i5-509_i7-162_S849_L005_R1_001_fastqc,PASS,PASS,PASS,FAIL,FAIL,FAIL,PASS,PASS,WARN,FAIL,FAIL,45.45
RAPiD-Genomics_GW1804061006_UFE_172202_P05_WF06_i5-509_i7-162_S450_L002_R2_001_fastqc,PASS,WARN,PASS,FAIL,FAIL,WARN,PASS,PASS,WARN,FAIL,FAIL,36.36
RAPiD-Genomics_HLY23BBXX_UFE_172202_P05_WD03_i5-509_i7-135_S423_L003_R2_001_fastqc,PASS,PASS,PASS,FAIL,FAIL,WARN,PASS,PASS,WARN,FAIL,FAIL,45.45
RAPiD-Genomics_HLY23BBXX_UFE_172202_P05_WE11_i5-509_i7-155_S443_L003_R2_001_fastqc,PASS,PASS,PASS,FAIL,FAIL,FAIL,PASS,PASS,WARN,FAIL,FAIL,45.45
RAPiD-Genomics_HLY23BBXX_UFE_172202_P05_WD11_i5-509_i7-143_S431_L001_R2_001_fastqc,PASS,PASS,PASS,FAIL,FAIL,WARN,PASS,PASS,WARN,FAIL,FAIL,45.45
RAPiD-Genomics_GW180409000_UFE_172202_P05_WD05_i5-509_i7-137_S425_L001_R2_001_fastqc,PASS,PASS,PASS,FAIL,FAIL,FAIL,PASS,PASS,FAIL,FAIL,FAIL,45.45
RAPiD-Genomics_GW1804061006_UFE_172202_P05_WG06_i5-509_i7-174_S462_L002_R1_001_fastqc,PASS,PASS,PASS,FAIL,FAIL,FAIL,PASS,PASS,FAIL,FAIL,FAIL,45.45
RAPiD-Genomics_GW180409000_UFE_172202_P05_WD03_i5-509_i7-135_S423_L001_R2_001_fastqc,PASS,PASS,PASS,WARN,FAIL,FAIL,PASS,PASS,FAIL,FAIL,FAIL,45.45
RAPiD-Genomics_GW1804061006_UFE_172202_P05_WG11_i5-509_i7-179_S467_L002_R2_001_fastqc,PASS,PASS,PASS,FAIL,FAIL,FAIL,PASS,PASS,WARN,FAIL,FAIL,45.45
RAPiD-Genomics_HLY23BBXX_UFE_172202_P05_WD12_i5-509_i7-144_S432_L002_R1_001_fastqc,PASS,PASS,PASS,FAIL,FAIL,FAIL,PASS,PASS,WARN,FAIL,FAIL,45.45
RAPiD-Genomics_GW180409000_UFE_172202_P05_WE03_i5-509_i7-147_S435_L001_R2_001_fastqc,PASS,PASS,PASS,FAIL,FAIL,FAIL,PASS,PASS,FAIL,FAIL,FAIL,45.45
RAPiD-Genomics_GW1804061006_UFE_172202_P05_WD03_i5-509_i7-135_S423_L001_R2_001_fastqc,PASS,PASS,PASS,FAIL,FAIL,FAIL,PASS,PASS,WARN,FAIL,FAIL,45.45
RAPiD-Genomics_HLY23BBXX_UFE_172202_P05_WF11_i5-509_i7-167_S455_L001_R2_001_fastqc,PASS,PASS,PASS,FAIL,FAIL,FAIL,PASS,PASS,WARN,FAIL,FAIL,45.45
RAPiD-Genomics_GW180409000_UFE_172202_P05_WE11_i5-509_i7-155_S443_L001_R1_001_fastqc,PASS,PASS,PASS,FAIL,FAIL,FAIL,PASS,PASS,FAIL,FAIL,FAIL,45.45
RAPiD-Genomics_HLY23BBXX_UFE_172202_P05_WE05_i5-509_i7-149_S437_L001_R1_001_fastqc,PASS,PASS,PASS,FAIL,FAIL,FAIL,PASS,PASS,WARN,FAIL,FAIL,45.45
RAPiD-Genomics_HLY23BBXX_UFE_172202_P05_WD01_i5-509_i7-133_S421_L001_R1_001_fastqc,PASS,PASS,PASS,FAIL,FAIL,FAIL,PASS,PASS,WARN,FAIL,FAIL,45.45
RAPiD-Genomics_HLY23BBXX_UFE_172202_P05_WG05_i5-509_i7-173_S461_L002_R1_001_fastqc,PASS,PASS,PASS,FAIL,FAIL,WARN,PASS,PASS,WARN,FAIL,FAIL,45.45
RAPiD-Genomics_HLY23BBXX_UFE_172202_P05_WE04_i5-509_i7-148_S436_L003_R2_001_fastqc,PASS,PASS,PASS,FAIL,FAIL,FAIL,PASS,PASS,WARN,FAIL,FAIL,45.45
RAPiD-Genomics_GW1804061006_UFE_172202_P05_WG01_i5-509_i7-169_S457_L001_R1_001_fastqc,PASS,PASS,PASS,FAIL,FAIL,FAIL,PASS,PASS,WARN,FAIL,FAIL,45.45
RAPiD-Genomics_GW180220900_UFE_172202_P05_WD11_i5-509_i7-143_S830_L005_R2_001_fastqc,PASS,PASS,PASS,FAIL,FAIL,FAIL,PASS,PASS,WARN,FAIL,FAIL,45.45
RAPiD-Genomics_HLY23BBXX_UFE_172202_P05_WE04_i5-509_i7-148_S436_L002_R1_001_fastqc,PASS,PASS,PASS,FAIL,FAIL,FAIL,PASS,PASS,WARN,FAIL,FAIL,45.45
RAPiD-Genomics_GW180409000_UFE_172202_P05_WF04_i5-509_i7-160_S448_L001_R1_001_fastqc,PASS,PASS,PASS,FAIL,FAIL,FAIL,PASS,PASS,FAIL,FAIL,FAIL,45.45
RAPiD-Genomics_GW1804061006_UFE_172202_P05_WE05_i5-509_i7-149_S437_L002_R1_001_fastqc,PASS,PASS,PASS,FAIL,FAIL,FAIL,PASS,PASS,FAIL,FAIL,FAIL,45.45
RAPiD-Genomics_GW1804061006_UFE_172202_P05_WD04_i5-509_i7-136_S424_L002_R2_001_fastqc,PASS,WARN,WARN,FAIL,FAIL,WARN,PASS,PASS,FAIL,FAIL,FAIL,27.27
RAPiD-Genomics_HLY23BBXX_UFE_172202_P05_WF08_i5-509_i7-164_S452_L001_R2_001_fastqc,PASS,PASS,PASS,FAIL,FAIL,FAIL,PASS,PASS,WARN,FAIL,FAIL,45.45
RAPiD-Genomics_GW180220900_UFE_172202_P05_WD09_i5-509_i7-141_S828_L005_R1_001_fastqc,PASS,PASS,PASS,FAIL,FAIL,FAIL,PASS,PASS,FAIL,FAIL,FAIL,45.45
RAPiD-Genomics_GW1804061006_UFE_172202_P05_WE06_i5-509_i7-150_S438_L002_R2_001_fastqc,PASS,WARN,WARN,FAIL,FAIL,FAIL,PASS,PASS,FAIL,FAIL,FAIL,27.27
RAPiD-Genomics_GW1804061006_UFE_172202_P05_WD02_i5-509_i7-134_S422_L001_R2_001_fastqc,PASS,PASS,PASS,FAIL,FAIL,FAIL,PASS,PASS,WARN,FAIL,FAIL,45.45
RAPiD-Genomics_HLY23BBXX_UFE_172202_P05_WF08_i5-509_i7-164_S452_L003_R2_001_fastqc,PASS,PASS,PASS,FAIL,FAIL,FAIL,PASS,PASS,WARN,FAIL,FAIL,45.45
RAPiD-Genomics_GW180409000_UFE_172202_P05_WD07_i5-509_i7-139_S427_L001_R2_001_fastqc,PASS,PASS,PASS,FAIL,FAIL,FAIL,PASS,PASS,FAIL,FAIL,FAIL,45.45
RAPiD-Genomics_GW180409000_UFE_172202_P05_WE06_i5-509_i7-150_S438_L001_R1_001_fastqc,PASS,PASS,PASS,FAIL,FAIL,FAIL,PASS,PASS,FAIL,FAIL,FAIL,45.45
RAPiD-Genomics_HLY23BBXX_UFE_172202_P05_WF12_i5-509_i7-168_S456_L003_R2_001_fastqc,PASS,PASS,PASS,FAIL,FAIL,FAIL,PASS,PASS,WARN,FAIL,FAIL,45.45
RAPiD-Genomics_GW180220900_UFE_172202_P05_WF09_i5-509_i7-165_S852_L005_R1_001_fastqc,PASS,PASS,PASS,FAIL,FAIL,FAIL,PASS,PASS,FAIL,FAIL,FAIL,45.45
RAPiD-Genomics_HLY23BBXX_UFE_172202_P05_WF02_i5-509_i7-158_S446_L002_R1_001_fastqc,PASS,PASS,PASS,FAIL,FAIL,FAIL,PASS,PASS,WARN,FAIL,FAIL,45.45
RAPiD-Genomics_GW1804061006_UFE_172202_P05_WG10_i5-509_i7-178_S466_L002_R2_001_fastqc,PASS,WARN,PASS,FAIL,FAIL,WARN,PASS,PASS,WARN,FAIL,FAIL,36.36
RAPiD-Genomics_GW180409000_UFE_172202_P05_WF02_i5-509_i7-158_S446_L001_R1_001_fastqc,PASS,PASS,PASS,FAIL,FAIL,FAIL,PASS,PASS,FAIL,FAIL,FAIL,45.45
RAPiD-Genomics_HLY23BBXX_UFE_172202_P05_WF08_i5-509_i7-164_S452_L003_R1_001_fastqc,PASS,PASS,PASS,FAIL,FAIL,FAIL,PASS,PASS,WARN,FAIL,FAIL,45.45
RAPiD-Genomics_HLY23BBXX_UFE_172202_P05_WD09_i5-509_i7-141_S429_L001_R2_001_fastqc,PASS,PASS,PASS,FAIL,FAIL,FAIL,PASS,PASS,WARN,FAIL,FAIL,45.45
RAPiD-Genomics_HLY23BBXX_UFE_172202_P05_WE01_i5-509_i7-145_S433_L003_R1_001_fastqc,PASS,PASS,PASS,FAIL,FAIL,FAIL,PASS,PASS,WARN,FAIL,FAIL,45.45
RAPiD-Genomics_HLY23BBXX_UFE_172202_P05_WD02_i5-509_i7-134_S422_L003_R1_001_fastqc,PASS,PASS,PASS,FAIL,FAIL,FAIL,PASS,PASS,WARN,FAIL,FAIL,45.45
RAPiD-Genomics_HLY23BBXX_UFE_172202_P05_WD09_i5-509_i7-141_S429_L002_R2_001_fastqc,PASS,PASS,PASS,FAIL,FAIL,WARN,PASS,PASS,WARN,FAIL,FAIL,45.45
RAPiD-Genomics_HLY23BBXX_UFE_172202_P05_WE09_i5-509_i7-153_S441_L002_R2_001_fastqc,PASS,PASS,PASS,FAIL,FAIL,FAIL,PASS,PASS,WARN,FAIL,FAIL,45.45
RAPiD-Genomics_HLY23BBXX_UFE_172202_P05_WE06_i5-509_i7-150_S438_L002_R2_001_fastqc,PASS,PASS,PASS,FAIL,FAIL,WARN,PASS,PASS,WARN,FAIL,FAIL,45.45
RAPiD-Genomics_HLY23BBXX_UFE_172202_P05_WE06_i5-509_i7-150_S438_L001_R2_001_fastqc,PASS,PASS,PASS,FAIL,FAIL,FAIL,PASS,PASS,WARN,FAIL,FAIL,45.45
RAPiD-Genomics_HLY23BBXX_UFE_172202_P05_WD08_i5-509_i7-140_S428_L001_R2_001_fastqc,PASS,PASS,PASS,FAIL,FAIL,FAIL,PASS,PASS,WARN,FAIL,FAIL,45.45
RAPiD-Genomics_GW1804061006_UFE_172202_P05_WG01_i5-509_i7-169_S457_L002_R2_001_fastqc,PASS,WARN,WARN,FAIL,FAIL,FAIL,PASS,PASS,FAIL,FAIL,FAIL,27.27
RAPiD-Genomics_GW180409000_UFE_172202_P05_WF03_i5-509_i7-159_S447_L001_R1_001_fastqc,PASS,PASS,PASS,FAIL,FAIL,FAIL,PASS,PASS,FAIL,FAIL,FAIL,45.45
RAPiD-Genomics_GW180409000_UFE_172202_P05_WG01_i5-509_i7-169_S457_L001_R2_001_fastqc,PASS,PASS,PASS,WARN,FAIL,FAIL,PASS,PASS,FAIL,FAIL,FAIL,45.45
RAPiD-Genomics_GW180409000_UFE_172202_P05_WF05_i5-509_i7-161_S449_L001_R2_001_fastqc,PASS,PASS,PASS,WARN,FAIL,FAIL,PASS,PASS,FAIL,FAIL,FAIL,45.45
RAPiD-Genomics_GW1804061006_UFE_172202_P05_WD09_i5-509_i7-141_S429_L002_R1_001_fastqc,PASS,WARN,PASS,FAIL,FAIL,FAIL,PASS,PASS,FAIL,FAIL,FAIL,36.36
RAPiD-Genomics_GW180220900_UFE_172202_P05_WF10_i5-509_i7-166_S853_L005_R2_001_fastqc,PASS,PASS,PASS,FAIL,FAIL,FAIL,PASS,PASS,WARN,FAIL,FAIL,45.45
RAPiD-Genomics_GW1804061006_UFE_172202_P05_WG12_i5-509_i7-180_S468_L001_R2_001_fastqc,PASS,PASS,PASS,FAIL,FAIL,FAIL,PASS,PASS,WARN,FAIL,FAIL,45.45
RAPiD-Genomics_HLY23BBXX_UFE_172202_P05_WF04_i5-509_i7-160_S448_L001_R2_001_fastqc,PASS,PASS,PASS,FAIL,FAIL,FAIL,PASS,PASS,WARN,FAIL,FAIL,45.45
RAPiD-Genomics_GW1804061006_UFE_172202_P05_WE02_i5-509_i7-146_S434_L002_R2_001_fastqc,PASS,WARN,WARN,FAIL,FAIL,WARN,PASS,PASS,WARN,FAIL,FAIL,27.27
RAPiD-Genomics_HLY23BBXX_UFE_172202_P05_WE06_i5-509_i7-150_S438_L003_R1_001_fastqc,PASS,PASS,PASS,FAIL,FAIL,FAIL,PASS,PASS,WARN,FAIL,FAIL,45.45
RAPiD-Genomics_GW180220900_UFE_172202_P05_WD04_i5-509_i7-136_S823_L005_R1_001_fastqc,PASS,PASS,PASS,FAIL,FAIL,FAIL,PASS,PASS,FAIL,FAIL,FAIL,45.45
RAPiD-Genomics_GW1804061006_UFE_172202_P05_WE07_i5-509_i7-151_S439_L002_R1_001_fastqc,PASS,PASS,PASS,FAIL,FAIL,FAIL,PASS,PASS,FAIL,FAIL,FAIL,45.45
RAPiD-Genomics_HLY23BBXX_UFE_172202_P05_WE01_i5-509_i7-145_S433_L002_R1_001_fastqc,PASS,PASS,PASS,FAIL,FAIL,FAIL,PASS,PASS,WARN,FAIL,FAIL,45.45
RAPiD-Genomics_HLY23BBXX_UFE_172202_P05_WG07_i5-509_i7-175_S463_L003_R2_001_fastqc,PASS,PASS,PASS,FAIL,FAIL,FAIL,PASS,PASS,WARN,FAIL,FAIL,45.45
RAPiD-Genomics_GW180409000_UFE_172202_P05_WD04_i5-509_i7-136_S424_L001_R2_001_fastqc,PASS,PASS,PASS,WARN,FAIL,FAIL,PASS,PASS,FAIL,FAIL,FAIL,45.45
RAPiD-Genomics_HLY23BBXX_UFE_172202_P05_WD04_i5-509_i7-136_S424_L001_R2_001_fastqc,PASS,PASS,PASS,FAIL,FAIL,FAIL,PASS,PASS,WARN,FAIL,FAIL,45.45
RAPiD-Genomics_GW1804061006_UFE_172202_P05_WD04_i5-509_i7-136_S424_L001_R2_001_fastqc,PASS,PASS,PASS,FAIL,FAIL,FAIL,PASS,PASS,WARN,FAIL,FAIL,45.45
RAPiD-Genomics_GW180409000_UFE_172202_P05_WD12_i5-509_i7-144_S432_L001_R1_001_fastqc,PASS,PASS,PASS,FAIL,FAIL,FAIL,PASS,PASS,FAIL,FAIL,FAIL,45.45
RAPiD-Genomics_GW180220900_UFE_172202_P05_WG12_i5-509_i7-180_S867_L005_R2_001_fastqc,PASS,PASS,PASS,FAIL,FAIL,FAIL,PASS,PASS,WARN,FAIL,FAIL,45.45
RAPiD-Genomics_HLY23BBXX_UFE_172202_P05_WD05_i5-509_i7-137_S425_L001_R1_001_fastqc,PASS,PASS,PASS,FAIL,FAIL,FAIL,PASS,PASS,WARN,FAIL,FAIL,45.45
RAPiD-Genomics_HLY23BBXX_UFE_172202_P05_WF05_i5-509_i7-161_S449_L002_R1_001_fastqc,PASS,PASS,PASS,FAIL,FAIL,FAIL,PASS,PASS,WARN,FAIL,FAIL,45.45
RAPiD-Genomics_GW1804061006_UFE_172202_P05_WG01_i5-509_i7-169_S457_L001_R2_001_fastqc,PASS,PASS,PASS,FAIL,FAIL,FAIL,PASS,PASS,WARN,FAIL,FAIL,45.45
RAPiD-Genomics_HLY23BBXX_UFE_172202_P05_WD04_i5-509_i7-136_S424_L002_R1_001_fastqc,PASS,PASS,PASS,FAIL,FAIL,FAIL,PASS,PASS,WARN,FAIL,FAIL,45.45
RAPiD-Genomics_HLY23BBXX_UFE_172202_P05_WG06_i5-509_i7-174_S462_L002_R2_001_fastqc,PASS,PASS,PASS,FAIL,FAIL,WARN,PASS,PASS,WARN,FAIL,FAIL,45.45
RAPiD-Genomics_HLY23BBXX_UFE_172202_P05_WG12_i5-509_i7-180_S468_L002_R2_001_fastqc,PASS,PASS,PASS,FAIL,FAIL,FAIL,PASS,PASS,WARN,FAIL,FAIL,45.45
RAPiD-Genomics_GW1804061006_UFE_172202_P05_WD01_i5-509_i7-133_S421_L002_R2_001_fastqc,PASS,WARN,WARN,FAIL,FAIL,FAIL,PASS,PASS,WARN,FAIL,FAIL,27.27
RAPiD-Genomics_GW180409000_UFE_172202_P05_WF06_i5-509_i7-162_S450_L001_R2_001_fastqc,PASS,PASS,PASS,WARN,FAIL,FAIL,PASS,PASS,FAIL,FAIL,FAIL,45.45
RAPiD-Genomics_HLY23BBXX_UFE_172202_P05_WG12_i5-509_i7-180_S468_L001_R1_001_fastqc,PASS,PASS,PASS,FAIL,FAIL,FAIL,PASS,PASS,WARN,FAIL,FAIL,45.45
RAPiD-Genomics_GW1804061006_UFE_172202_P05_WE05_i5-509_i7-149_S437_L001_R2_001_fastqc,PASS,PASS,PASS,FAIL,FAIL,FAIL,PASS,PASS,WARN,FAIL,FAIL,45.45
RAPiD-Genomics_GW1804061006_UFE_172202_P05_WF07_i5-509_i7-163_S451_L001_R2_001_fastqc,PASS,PASS,PASS,FAIL,FAIL,FAIL,PASS,PASS,WARN,FAIL,FAIL,45.45
RAPiD-Genomics_GW1804061006_UFE_172202_P05_WD08_i5-509_i7-140_S428_L001_R1_001_fastqc,PASS,PASS,PASS,FAIL,FAIL,FAIL,PASS,PASS,FAIL,FAIL,FAIL,45.45
RAPiD-Genomics_HLY23BBXX_UFE_172202_P05_WD01_i5-509_i7-133_S421_L001_R2_001_fastqc,PASS,PASS,PASS,FAIL,FAIL,FAIL,PASS,PASS,WARN,FAIL,FAIL,45.45
RAPiD-Genomics_GW1804061006_UFE_172202_P05_WE10_i5-509_i7-154_S442_L001_R2_001_fastqc,PASS,PASS,PASS,FAIL,FAIL,WARN,PASS,PASS,FAIL,FAIL,FAIL,45.45
RAPiD-Genomics_GW180409000_UFE_172202_P05_WF06_i5-509_i7-162_S450_L001_R1_001_fastqc,PASS,PASS,PASS,FAIL,FAIL,FAIL,PASS,PASS,FAIL,FAIL,FAIL,45.45
RAPiD-Genomics_GW1804061006_UFE_172202_P05_WD04_i5-509_i7-136_S424_L002_R1_001_fastqc,PASS,PASS,PASS,FAIL,FAIL,FAIL,PASS,PASS,FAIL,FAIL,FAIL,45.45
RAPiD-Genomics_HLY23BBXX_UFE_172202_P05_WG11_i5-509_i7-179_S467_L003_R1_001_fastqc,PASS,PASS,PASS,FAIL,FAIL,FAIL,PASS,PASS,WARN,FAIL,FAIL,45.45
RAPiD-Genomics_HLY23BBXX_UFE_172202_P05_WF06_i5-509_i7-162_S450_L002_R1_001_fastqc,PASS,PASS,PASS,FAIL,FAIL,FAIL,PASS,PASS,WARN,FAIL,FAIL,45.45
RAPiD-Genomics_GW1804061006_UFE_172202_P05_WD07_i5-509_i7-139_S427_L001_R1_001_fastqc,PASS,PASS,PASS,FAIL,FAIL,FAIL,PASS,PASS,WARN,FAIL,FAIL,45.45
RAPiD-Genomics_GW1804061006_UFE_172202_P05_WG03_i5-509_i7-171_S459_L002_R1_001_fastqc,PASS,PASS,PASS,FAIL,FAIL,FAIL,PASS,PASS,FAIL,FAIL,FAIL,45.45
RAPiD-Genomics_HLY23BBXX_UFE_172202_P05_WE09_i5-509_i7-153_S441_L003_R1_001_fastqc,PASS,PASS,PASS,FAIL,FAIL,FAIL,PASS,PASS,WARN,FAIL,FAIL,45.45
RAPiD-Genomics_HLY23BBXX_UFE_172202_P05_WD10_i5-509_i7-142_S430_L002_R1_001_fastqc,PASS,PASS,PASS,FAIL,FAIL,FAIL,PASS,PASS,WARN,FAIL,FAIL,45.45
RAPiD-Genomics_HLY23BBXX_UFE_172202_P05_WG01_i5-509_i7-169_S457_L002_R2_001_fastqc,PASS,PASS,PASS,FAIL,FAIL,FAIL,PASS,PASS,WARN,FAIL,FAIL,45.45
RAPiD-Genomics_GW1804061006_UFE_172202_P05_WD11_i5-509_i7-143_S431_L001_R1_001_fastqc,PASS,PASS,PASS,FAIL,FAIL,FAIL,PASS,PASS,WARN,FAIL,FAIL,45.45
RAPiD-Genomics_GW1804061006_UFE_172202_P05_WE02_i5-509_i7-146_S434_L001_R1_001_fastqc,PASS,PASS,PASS,FAIL,FAIL,FAIL,PASS,PASS,WARN,FAIL,FAIL,45.45
RAPiD-Genomics_GW180220900_UFE_172202_P05_WD06_i5-509_i7-138_S825_L005_R1_001_fastqc,PASS,PASS,PASS,FAIL,FAIL,FAIL,PASS,PASS,WARN,FAIL,FAIL,45.45
RAPiD-Genomics_HLY23BBXX_UFE_172202_P05_WF06_i5-509_i7-162_S450_L003_R1_001_fastqc,PASS,PASS,PASS,FAIL,FAIL,FAIL,PASS,PASS,WARN,FAIL,FAIL,45.45
RAPiD-Genomics_HLY23BBXX_UFE_172202_P05_WF05_i5-509_i7-161_S449_L001_R2_001_fastqc,PASS,PASS,PASS,FAIL,FAIL,FAIL,PASS,PASS,WARN,FAIL,FAIL,45.45
RAPiD-Genomics_GW1804061006_UFE_172202_P05_WF09_i5-509_i7-165_S453_L001_R2_001_fastqc,PASS,PASS,PASS,FAIL,FAIL,FAIL,PASS,PASS,WARN,FAIL,FAIL,45.45
RAPiD-Genomics_GW180220900_UFE_172202_P05_WF04_i5-509_i7-160_S847_L005_R1_001_fastqc,PASS,PASS,PASS,FAIL,FAIL,FAIL,PASS,PASS,FAIL,FAIL,FAIL,45.45
RAPiD-Genomics_GW1804061006_UFE_172202_P05_WD08_i5-509_i7-140_S428_L002_R2_001_fastqc,PASS,FAIL,WARN,FAIL,FAIL,FAIL,PASS,PASS,FAIL,FAIL,FAIL,27.27
RAPiD-Genomics_HLY23BBXX_UFE_172202_P05_WD12_i5-509_i7-144_S432_L003_R1_001_fastqc,PASS,PASS,PASS,FAIL,FAIL,FAIL,PASS,PASS,WARN,FAIL,FAIL,45.45
RAPiD-Genomics_HLY23BBXX_UFE_172202_P05_WE11_i5-509_i7-155_S443_L002_R2_001_fastqc,PASS,PASS,PASS,FAIL,FAIL,FAIL,PASS,PASS,WARN,FAIL,FAIL,45.45
RAPiD-Genomics_HLY23BBXX_UFE_172202_P05_WF04_i5-509_i7-160_S448_L002_R2_001_fastqc,PASS,PASS,PASS,FAIL,FAIL,FAIL,PASS,PASS,WARN,FAIL,FAIL,45.45
RAPiD-Genomics_HLY23BBXX_UFE_172202_P05_WG01_i5-509_i7-169_S457_L001_R1_001_fastqc,PASS,PASS,PASS,FAIL,FAIL,FAIL,PASS,PASS,WARN,FAIL,FAIL,45.45
RAPiD-Genomics_GW180409000_UFE_172202_P05_WG03_i5-509_i7-171_S459_L001_R1_001_fastqc,PASS,PASS,PASS,FAIL,FAIL,FAIL,PASS,PASS,FAIL,FAIL,FAIL,45.45
RAPiD-Genomics_HLY23BBXX_UFE_172202_P05_WD09_i5-509_i7-141_S429_L001_R1_001_fastqc,PASS,PASS,PASS,FAIL,FAIL,FAIL,PASS,PASS,WARN,FAIL,FAIL,45.45
RAPiD-Genomics_GW180220900_UFE_172202_P05_WD01_i5-509_i7-133_S820_L005_R1_001_fastqc,PASS,PASS,PASS,FAIL,FAIL,FAIL,PASS,PASS,FAIL,FAIL,FAIL,45.45
RAPiD-Genomics_HLY23BBXX_UFE_172202_P05_WG04_i5-509_i7-172_S460_L001_R2_001_fastqc,PASS,PASS,PASS,FAIL,FAIL,FAIL,PASS,PASS,WARN,FAIL,FAIL,45.45
RAPiD-Genomics_GW180409000_UFE_172202_P05_WG10_i5-509_i7-178_S466_L001_R1_001_fastqc,PASS,PASS,PASS,FAIL,FAIL,FAIL,PASS,PASS,FAIL,FAIL,FAIL,45.45
RAPiD-Genomics_HLY23BBXX_UFE_172202_P05_WD08_i5-509_i7-140_S428_L001_R1_001_fastqc,PASS,PASS,PASS,FAIL,FAIL,FAIL,PASS,PASS,WARN,FAIL,FAIL,45.45
RAPiD-Genomics_GW1804061006_UFE_172202_P05_WG10_i5-509_i7-178_S466_L002_R1_001_fastqc,PASS,PASS,PASS,FAIL,FAIL,FAIL,PASS,PASS,FAIL,FAIL,FAIL,45.45
RAPiD-Genomics_GW1804061006_UFE_172202_P05_WF01_i5-509_i7-157_S445_L001_R2_001_fastqc,PASS,PASS,PASS,FAIL,FAIL,FAIL,PASS,PASS,WARN,FAIL,FAIL,45.45
RAPiD-Genomics_HLY23BBXX_UFE_172202_P05_WF05_i5-509_i7-161_S449_L003_R1_001_fastqc,PASS,PASS,PASS,FAIL,FAIL,FAIL,PASS,PASS,WARN,FAIL,FAIL,45.45
RAPiD-Genomics_GW180409000_UFE_172202_P05_WF11_i5-509_i7-167_S455_L001_R2_001_fastqc,PASS,PASS,PASS,WARN,FAIL,FAIL,PASS,PASS,FAIL,FAIL,FAIL,45.45
RAPiD-Genomics_GW180220900_UFE_172202_P05_WD12_i5-509_i7-144_S831_L005_R1_001_fastqc,PASS,PASS,PASS,FAIL,FAIL,FAIL,PASS,PASS,WARN,FAIL,FAIL,45.45
RAPiD-Genomics_HLY23BBXX_UFE_172202_P05_WD06_i5-509_i7-138_S426_L001_R1_001_fastqc,PASS,PASS,PASS,FAIL,FAIL,FAIL,PASS,PASS,WARN,FAIL,FAIL,45.45
RAPiD-Genomics_GW180220900_UFE_172202_P05_WD07_i5-509_i7-139_S826_L005_R2_001_fastqc,PASS,PASS,PASS,FAIL,FAIL,FAIL,PASS,PASS,WARN,FAIL,FAIL,45.45
RAPiD-Genomics_HLY23BBXX_UFE_172202_P05_WF10_i5-509_i7-166_S454_L002_R2_001_fastqc,PASS,PASS,PASS,FAIL,FAIL,FAIL,PASS,PASS,WARN,FAIL,FAIL,45.45
RAPiD-Genomics_GW1804061006_UFE_172202_P05_WF10_i5-509_i7-166_S454_L002_R2_001_fastqc,PASS,WARN,PASS,FAIL,FAIL,WARN,PASS,PASS,WARN,FAIL,FAIL,36.36
RAPiD-Genomics_GW180409000_UFE_172202_P05_WF09_i5-509_i7-165_S453_L001_R1_001_fastqc,PASS,PASS,PASS,FAIL,FAIL,FAIL,PASS,PASS,FAIL,FAIL,FAIL,45.45
RAPiD-Genomics_HLY23BBXX_UFE_172202_P05_WG02_i5-509_i7-170_S458_L003_R2_001_fastqc,PASS,PASS,PASS,FAIL,FAIL,FAIL,PASS,PASS,WARN,FAIL,FAIL,45.45
RAPiD-Genomics_GW1804061006_UFE_172202_P05_WG08_i5-509_i7-176_S464_L001_R1_001_fastqc,PASS,PASS,PASS,FAIL,FAIL,FAIL,PASS,PASS,WARN,FAIL,FAIL,45.45
RAPiD-Genomics_GW180409000_UFE_172202_P05_WG07_i5-509_i7-175_S463_L001_R2_001_fastqc,PASS,PASS,PASS,FAIL,FAIL,FAIL,PASS,PASS,FAIL,FAIL,FAIL,45.45
RAPiD-Genomics_HLY23BBXX_UFE_172202_P05_WF07_i5-509_i7-163_S451_L003_R2_001_fastqc,PASS,PASS,PASS,FAIL,FAIL,FAIL,PASS,PASS,WARN,FAIL,FAIL,45.45
RAPiD-Genomics_GW180220900_UFE_172202_P05_WE05_i5-509_i7-149_S836_L005_R2_001_fastqc,PASS,PASS,PASS,FAIL,FAIL,FAIL,PASS,PASS,WARN,FAIL,FAIL,45.45
RAPiD-Genomics_HLY23BBXX_UFE_172202_P05_WF03_i5-509_i7-159_S447_L003_R2_001_fastqc,PASS,PASS,PASS,FAIL,FAIL,FAIL,PASS,PASS,WARN,FAIL,FAIL,45.45
RAPiD-Genomics_GW180220900_UFE_172202_P05_WF08_i5-509_i7-164_S851_L005_R2_001_fastqc,PASS,PASS,PASS,FAIL,FAIL,FAIL,PASS,PASS,WARN,FAIL,FAIL,45.45
RAPiD-Genomics_HLY23BBXX_UFE_172202_P05_WD09_i5-509_i7-141_S429_L003_R2_001_fastqc,PASS,PASS,PASS,FAIL,FAIL,FAIL,PASS,PASS,WARN,FAIL,FAIL,45.45
RAPiD-Genomics_GW180220900_UFE_172202_P05_WE12_i5-509_i7-156_S843_L005_R1_001_fastqc,PASS,PASS,PASS,FAIL,FAIL,FAIL,PASS,PASS,FAIL,FAIL,FAIL,45.45
RAPiD-Genomics_GW1804061006_UFE_172202_P05_WF04_i5-509_i7-160_S448_L002_R2_001_fastqc,PASS,WARN,WARN,FAIL,FAIL,FAIL,PASS,PASS,FAIL,FAIL,FAIL,27.27
RAPiD-Genomics_GW180409000_UFE_172202_P05_WG05_i5-509_i7-173_S461_L001_R2_001_fastqc,PASS,PASS,PASS,FAIL,FAIL,FAIL,PASS,PASS,FAIL,FAIL,FAIL,45.45
RAPiD-Genomics_HLY23BBXX_UFE_172202_P05_WF01_i5-509_i7-157_S445_L003_R1_001_fastqc,PASS,PASS,PASS,FAIL,FAIL,FAIL,PASS,PASS,WARN,FAIL,FAIL,45.45
RAPiD-Genomics_HLY23BBXX_UFE_172202_P05_WE02_i5-509_i7-146_S434_L002_R1_001_fastqc,PASS,PASS,PASS,FAIL,FAIL,FAIL,PASS,PASS,WARN,FAIL,FAIL,45.45
RAPiD-Genomics_GW180220900_UFE_172202_P05_WG03_i5-509_i7-171_S858_L005_R1_001_fastqc,PASS,PASS,PASS,FAIL,FAIL,FAIL,PASS,PASS,WARN,FAIL,FAIL,45.45
RAPiD-Genomics_HLY23BBXX_UFE_172202_P05_WG03_i5-509_i7-171_S459_L002_R2_001_fastqc,PASS,PASS,PASS,FAIL,FAIL,FAIL,PASS,PASS,WARN,FAIL,FAIL,45.45
RAPiD-Genomics_HLY23BBXX_UFE_172202_P05_WD06_i5-509_i7-138_S426_L003_R2_001_fastqc,PASS,PASS,PASS,FAIL,FAIL,FAIL,PASS,PASS,WARN,FAIL,FAIL,45.45
RAPiD-Genomics_HLY23BBXX_UFE_172202_P05_WG03_i5-509_i7-171_S459_L001_R1_001_fastqc,PASS,PASS,PASS,FAIL,FAIL,FAIL,PASS,PASS,WARN,FAIL,FAIL,45.45
RAPiD-Genomics_HLY23BBXX_UFE_172202_P05_WD03_i5-509_i7-135_S423_L001_R1_001_fastqc,PASS,PASS,PASS,FAIL,FAIL,FAIL,PASS,PASS,WARN,FAIL,FAIL,45.45
RAPiD-Genomics_GW180409000_UFE_172202_P05_WD02_i5-509_i7-134_S422_L001_R2_001_fastqc,PASS,PASS,PASS,WARN,FAIL,FAIL,PASS,PASS,FAIL,FAIL,FAIL,45.45
RAPiD-Genomics_GW180409000_UFE_172202_P05_WG09_i5-509_i7-177_S465_L001_R2_001_fastqc,PASS,PASS,PASS,WARN,FAIL,FAIL,PASS,PASS,FAIL,FAIL,FAIL,45.45
RAPiD-Genomics_GW1804061006_UFE_172202_P05_WG07_i5-509_i7-175_S463_L002_R1_001_fastqc,PASS,PASS,PASS,FAIL,FAIL,FAIL,PASS,PASS,FAIL,FAIL,FAIL,45.45
RAPiD-Genomics_GW180409000_UFE_172202_P05_WF04_i5-509_i7-160_S448_L001_R2_001_fastqc,PASS,PASS,PASS,WARN,FAIL,FAIL,PASS,PASS,FAIL,FAIL,FAIL,45.45
RAPiD-Genomics_GW180220900_UFE_172202_P05_WG08_i5-509_i7-176_S863_L005_R2_001_fastqc,PASS,PASS,PASS,FAIL,FAIL,FAIL,PASS,PASS,WARN,FAIL,FAIL,45.45
RAPiD-Genomics_GW180409000_UFE_172202_P05_WE02_i5-509_i7-146_S434_L001_R2_001_fastqc,PASS,PASS,PASS,FAIL,FAIL,FAIL,PASS,PASS,FAIL,FAIL,FAIL,45.45
RAPiD-Genomics_HLY23BBXX_UFE_172202_P05_WE08_i5-509_i7-152_S440_L003_R1_001_fastqc,PASS,PASS,PASS,FAIL,FAIL,FAIL,PASS,PASS,WARN,FAIL,FAIL,45.45
RAPiD-Genomics_GW1804061006_UFE_172202_P05_WE06_i5-509_i7-150_S438_L001_R1_001_fastqc,PASS,PASS,PASS,FAIL,FAIL,FAIL,PASS,PASS,WARN,FAIL,FAIL,45.45
RAPiD-Genomics_GW180409000_UFE_172202_P05_WD06_i5-509_i7-138_S426_L001_R1_001_fastqc,PASS,PASS,PASS,FAIL,FAIL,FAIL,PASS,PASS,FAIL,FAIL,FAIL,45.45
RAPiD-Genomics_HLY23BBXX_UFE_172202_P05_WG10_i5-509_i7-178_S466_L002_R2_001_fastqc,PASS,PASS,PASS,FAIL,FAIL,FAIL,PASS,PASS,WARN,FAIL,FAIL,45.45
RAPiD-Genomics_HLY23BBXX_UFE_172202_P05_WG09_i5-509_i7-177_S465_L002_R1_001_fastqc,PASS,PASS,PASS,FAIL,FAIL,FAIL,PASS,PASS,WARN,FAIL,FAIL,45.45
RAPiD-Genomics_HLY23BBXX_UFE_172202_P05_WE12_i5-509_i7-156_S444_L001_R2_001_fastqc,PASS,PASS,PASS,FAIL,FAIL,WARN,PASS,PASS,WARN,FAIL,FAIL,45.45
RAPiD-Genomics_HLY23BBXX_UFE_172202_P05_WE08_i5-509_i7-152_S440_L001_R2_001_fastqc,PASS,PASS,PASS,FAIL,FAIL,FAIL,PASS,PASS,WARN,FAIL,FAIL,45.45
RAPiD-Genomics_GW1804061006_UFE_172202_P05_WG10_i5-509_i7-178_S466_L001_R1_001_fastqc,PASS,PASS,PASS,FAIL,FAIL,FAIL,PASS,PASS,WARN,FAIL,FAIL,45.45
RAPiD-Genomics_GW180220900_UFE_172202_P05_WG12_i5-509_i7-180_S867_L005_R1_001_fastqc,PASS,PASS,PASS,FAIL,FAIL,FAIL,PASS,PASS,WARN,FAIL,FAIL,45.45
RAPiD-Genomics_GW1804061006_UFE_172202_P05_WF07_i5-509_i7-163_S451_L001_R1_001_fastqc,PASS,PASS,PASS,FAIL,FAIL,FAIL,PASS,PASS,WARN,FAIL,FAIL,45.45
RAPiD-Genomics_GW180409000_UFE_172202_P05_WE12_i5-509_i7-156_S444_L001_R2_001_fastqc,PASS,PASS,PASS,FAIL,FAIL,FAIL,PASS,PASS,FAIL,FAIL,FAIL,45.45
RAPiD-Genomics_HLY23BBXX_UFE_172202_P05_WG02_i5-509_i7-170_S458_L002_R1_001_fastqc,PASS,PASS,PASS,FAIL,FAIL,FAIL,PASS,PASS,WARN,FAIL,FAIL,45.45
RAPiD-Genomics_GW1804061006_UFE_172202_P05_WF05_i5-509_i7-161_S449_L002_R2_001_fastqc,PASS,WARN,PASS,FAIL,FAIL,WARN,PASS,PASS,WARN,FAIL,FAIL,36.36
RAPiD-Genomics_HLY23BBXX_UFE_172202_P05_WE10_i5-509_i7-154_S442_L003_R2_001_fastqc,PASS,PASS,PASS,FAIL,FAIL,FAIL,PASS,PASS,WARN,FAIL,FAIL,45.45
RAPiD-Genomics_HLY23BBXX_UFE_172202_P05_WF03_i5-509_i7-159_S447_L002_R1_001_fastqc,PASS,PASS,PASS,FAIL,FAIL,FAIL,PASS,PASS,WARN,FAIL,FAIL,45.45
RAPiD-Genomics_GW180220900_UFE_172202_P05_WE06_i5-509_i7-150_S837_L005_R2_001_fastqc,PASS,PASS,PASS,FAIL,FAIL,FAIL,PASS,PASS,WARN,FAIL,FAIL,45.45
RAPiD-Genomics_HLY23BBXX_UFE_172202_P05_WF07_i5-509_i7-163_S451_L002_R1_001_fastqc,PASS,PASS,PASS,FAIL,FAIL,WARN,PASS,PASS,WARN,FAIL,FAIL,45.45
RAPiD-Genomics_GW180220900_UFE_172202_P05_WD04_i5-509_i7-136_S823_L005_R2_001_fastqc,PASS,PASS,PASS,FAIL,FAIL,WARN,PASS,PASS,WARN,FAIL,FAIL,45.45
RAPiD-Genomics_GW180220900_UFE_172202_P05_WF10_i5-509_i7-166_S853_L005_R1_001_fastqc,PASS,PASS,PASS,FAIL,FAIL,FAIL,PASS,PASS,WARN,FAIL,FAIL,45.45
RAPiD-Genomics_HLY23BBXX_UFE_172202_P05_WG02_i5-509_i7-170_S458_L001_R2_001_fastqc,PASS,PASS,PASS,FAIL,FAIL,FAIL,PASS,PASS,WARN,FAIL,FAIL,45.45
RAPiD-Genomics_GW1804061006_UFE_172202_P05_WD10_i5-509_i7-142_S430_L002_R1_001_fastqc,PASS,PASS,PASS,FAIL,FAIL,FAIL,PASS,PASS,FAIL,FAIL,FAIL,45.45
RAPiD-Genomics_GW1804061006_UFE_172202_P05_WE03_i5-509_i7-147_S435_L002_R2_001_fastqc,PASS,WARN,PASS,FAIL,FAIL,WARN,PASS,PASS,FAIL,FAIL,FAIL,36.36
RAPiD-Genomics_HLY23BBXX_UFE_172202_P05_WE11_i5-509_i7-155_S443_L001_R2_001_fastqc,PASS,PASS,PASS,FAIL,FAIL,FAIL,PASS,PASS,WARN,FAIL,FAIL,45.45
RAPiD-Genomics_HLY23BBXX_UFE_172202_P05_WE02_i5-509_i7-146_S434_L003_R2_001_fastqc,PASS,PASS,PASS,FAIL,FAIL,FAIL,PASS,PASS,WARN,FAIL,FAIL,45.45
RAPiD-Genomics_HLY23BBXX_UFE_172202_P05_WF01_i5-509_i7-157_S445_L003_R2_001_fastqc,PASS,PASS,PASS,FAIL,FAIL,FAIL,PASS,PASS,WARN,FAIL,FAIL,45.45
RAPiD-Genomics_HLY23BBXX_UFE_172202_P05_WD01_i5-509_i7-133_S421_L002_R1_001_fastqc,PASS,PASS,PASS,FAIL,FAIL,FAIL,PASS,PASS,WARN,FAIL,FAIL,45.45
RAPiD-Genomics_HLY23BBXX_UFE_172202_P05_WD05_i5-509_i7-137_S425_L002_R2_001_fastqc,PASS,PASS,PASS,FAIL,FAIL,FAIL,PASS,PASS,WARN,FAIL,FAIL,45.45
RAPiD-Genomics_GW180409000_UFE_172202_P05_WE05_i5-509_i7-149_S437_L001_R2_001_fastqc,PASS,PASS,PASS,WARN,FAIL,FAIL,PASS,PASS,FAIL,FAIL,FAIL,45.45
RAPiD-Genomics_GW180409000_UFE_172202_P05_WG04_i5-509_i7-172_S460_L001_R1_001_fastqc,PASS,PASS,PASS,FAIL,FAIL,FAIL,PASS,PASS,FAIL,FAIL,FAIL,45.45
RAPiD-Genomics_GW180409000_UFE_172202_P05_WF08_i5-509_i7-164_S452_L001_R1_001_fastqc,PASS,PASS,PASS,FAIL,FAIL,FAIL,PASS,PASS,FAIL,FAIL,FAIL,45.45
RAPiD-Genomics_GW180409000_UFE_172202_P05_WG12_i5-509_i7-180_S468_L001_R2_001_fastqc,PASS,PASS,PASS,WARN,FAIL,FAIL,PASS,PASS,FAIL,FAIL,FAIL,45.45
RAPiD-Genomics_GW180220900_UFE_172202_P05_WE03_i5-509_i7-147_S834_L005_R2_001_fastqc,PASS,PASS,PASS,FAIL,FAIL,FAIL,PASS,PASS,WARN,FAIL,FAIL,45.45
RAPiD-Genomics_GW1804061006_UFE_172202_P05_WD04_i5-509_i7-136_S424_L001_R1_001_fastqc,PASS,PASS,PASS,FAIL,FAIL,FAIL,PASS,PASS,WARN,FAIL,FAIL,45.45
RAPiD-Genomics_GW1804061006_UFE_172202_P05_WF03_i5-509_i7-159_S447_L001_R1_001_fastqc,PASS,PASS,PASS,FAIL,FAIL,FAIL,PASS,PASS,WARN,FAIL,FAIL,45.45
RAPiD-Genomics_GW1804061006_UFE_172202_P05_WD09_i5-509_i7-141_S429_L002_R2_001_fastqc,PASS,WARN,WARN,FAIL,FAIL,FAIL,PASS,PASS,FAIL,FAIL,FAIL,27.27
RAPiD-Genomics_GW180409000_UFE_172202_P05_WE03_i5-509_i7-147_S435_L001_R1_001_fastqc,PASS,PASS,PASS,FAIL,FAIL,FAIL,PASS,PASS,FAIL,FAIL,FAIL,45.45
RAPiD-Genomics_GW1804061006_UFE_172202_P05_WD01_i5-509_i7-133_S421_L001_R2_001_fastqc,PASS,PASS,PASS,FAIL,FAIL,FAIL,PASS,PASS,WARN,FAIL,FAIL,45.45
RAPiD-Genomics_GW1804061006_UFE_172202_P05_WE10_i5-509_i7-154_S442_L002_R2_001_fastqc,PASS,FAIL,WARN,FAIL,FAIL,FAIL,PASS,PASS,FAIL,FAIL,FAIL,27.27
RAPiD-Genomics_GW180220900_UFE_172202_P05_WE03_i5-509_i7-147_S834_L005_R1_001_fastqc,PASS,PASS,PASS,FAIL,FAIL,FAIL,PASS,PASS,FAIL,FAIL,FAIL,45.45
RAPiD-Genomics_HLY23BBXX_UFE_172202_P05_WF09_i5-509_i7-165_S453_L003_R1_001_fastqc,PASS,PASS,PASS,FAIL,FAIL,FAIL,PASS,PASS,WARN,FAIL,FAIL,45.45
RAPiD-Genomics_HLY23BBXX_UFE_172202_P05_WF02_i5-509_i7-158_S446_L001_R1_001_fastqc,PASS,PASS,PASS,FAIL,FAIL,FAIL,PASS,PASS,WARN,FAIL,FAIL,45.45
RAPiD-Genomics_GW1804061006_UFE_172202_P05_WG11_i5-509_i7-179_S467_L001_R1_001_fastqc,PASS,PASS,PASS,FAIL,FAIL,FAIL,PASS,PASS,WARN,FAIL,FAIL,45.45
RAPiD-Genomics_GW180220900_UFE_172202_P05_WE02_i5-509_i7-146_S833_L005_R1_001_fastqc,PASS,PASS,PASS,FAIL,FAIL,FAIL,PASS,PASS,WARN,FAIL,FAIL,45.45
RAPiD-Genomics_GW180220900_UFE_172202_P05_WF05_i5-509_i7-161_S848_L005_R1_001_fastqc,PASS,PASS,PASS,FAIL,FAIL,FAIL,PASS,PASS,WARN,FAIL,FAIL,45.45
RAPiD-Genomics_HLY23BBXX_UFE_172202_P05_WD01_i5-509_i7-133_S421_L002_R2_001_fastqc,PASS,PASS,PASS,FAIL,FAIL,FAIL,PASS,PASS,WARN,FAIL,FAIL,45.45
RAPiD-Genomics_HLY23BBXX_UFE_172202_P05_WG04_i5-509_i7-172_S460_L003_R1_001_fastqc,PASS,PASS,PASS,FAIL,FAIL,FAIL,PASS,PASS,FAIL,FAIL,FAIL,45.45
RAPiD-Genomics_GW180220900_UFE_172202_P05_WE01_i5-509_i7-145_S832_L005_R1_001_fastqc,PASS,PASS,PASS,FAIL,FAIL,FAIL,PASS,PASS,WARN,FAIL,FAIL,45.45
RAPiD-Genomics_GW180409000_UFE_172202_P05_WF09_i5-509_i7-165_S453_L001_R2_001_fastqc,PASS,PASS,PASS,FAIL,FAIL,FAIL,PASS,PASS,FAIL,FAIL,FAIL,45.45
RAPiD-Genomics_HLY23BBXX_UFE_172202_P05_WD01_i5-509_i7-133_S421_L003_R1_001_fastqc,PASS,PASS,PASS,FAIL,FAIL,FAIL,PASS,PASS,WARN,FAIL,FAIL,45.45
RAPiD-Genomics_GW180220900_UFE_172202_P05_WE10_i5-509_i7-154_S841_L005_R2_001_fastqc,PASS,WARN,PASS,FAIL,FAIL,WARN,PASS,PASS,WARN,FAIL,FAIL,36.36
RAPiD-Genomics_HLY23BBXX_UFE_172202_P05_WE08_i5-509_i7-152_S440_L001_R1_001_fastqc,PASS,PASS,PASS,FAIL,FAIL,FAIL,PASS,PASS,WARN,FAIL,FAIL,45.45
RAPiD-Genomics_GW180220900_UFE_172202_P05_WD08_i5-509_i7-140_S827_L005_R2_001_fastqc,PASS,WARN,PASS,FAIL,FAIL,WARN,PASS,PASS,WARN,FAIL,FAIL,36.36
RAPiD-Genomics_GW180409000_UFE_172202_P05_WF02_i5-509_i7-158_S446_L001_R2_001_fastqc,PASS,PASS,PASS,WARN,FAIL,FAIL,PASS,PASS,FAIL,FAIL,FAIL,45.45
RAPiD-Genomics_HLY23BBXX_UFE_172202_P05_WG12_i5-509_i7-180_S468_L003_R2_001_fastqc,PASS,PASS,PASS,FAIL,FAIL,FAIL,PASS,PASS,WARN,FAIL,FAIL,45.45
RAPiD-Genomics_GW180220900_UFE_172202_P05_WF12_i5-509_i7-168_S855_L005_R2_001_fastqc,PASS,PASS,PASS,FAIL,FAIL,FAIL,PASS,PASS,WARN,FAIL,FAIL,45.45
RAPiD-Genomics_HLY23BBXX_UFE_172202_P05_WD12_i5-509_i7-144_S432_L001_R1_001_fastqc,PASS,PASS,PASS,FAIL,FAIL,FAIL,PASS,PASS,WARN,FAIL,FAIL,45.45
RAPiD-Genomics_GW1804061006_UFE_172202_P05_WD08_i5-509_i7-140_S428_L001_R2_001_fastqc,PASS,PASS,PASS,FAIL,FAIL,FAIL,PASS,PASS,WARN,FAIL,FAIL,45.45
RAPiD-Genomics_GW1804061006_UFE_172202_P05_WE09_i5-509_i7-153_S441_L002_R2_001_fastqc,PASS,WARN,WARN,FAIL,FAIL,WARN,PASS,PASS,FAIL,FAIL,FAIL,27.27
RAPiD-Genomics_GW180220900_UFE_172202_P05_WG05_i5-509_i7-173_S860_L005_R1_001_fastqc,PASS,PASS,PASS,FAIL,FAIL,FAIL,PASS,PASS,FAIL,FAIL,FAIL,45.45
RAPiD-Genomics_HLY23BBXX_UFE_172202_P05_WE05_i5-509_i7-149_S437_L003_R1_001_fastqc,PASS,PASS,PASS,FAIL,FAIL,FAIL,PASS,PASS,WARN,FAIL,FAIL,45.45
RAPiD-Genomics_GW180220900_UFE_172202_P05_WF07_i5-509_i7-163_S850_L005_R2_001_fastqc,PASS,PASS,PASS,FAIL,FAIL,WARN,PASS,PASS,WARN,FAIL,FAIL,45.45
RAPiD-Genomics_HLY23BBXX_UFE_172202_P05_WF12_i5-509_i7-168_S456_L001_R2_001_fastqc,PASS,PASS,PASS,FAIL,FAIL,FAIL,PASS,PASS,WARN,FAIL,FAIL,45.45
RAPiD-Genomics_HLY23BBXX_UFE_172202_P05_WF01_i5-509_i7-157_S445_L002_R1_001_fastqc,PASS,PASS,PASS,FAIL,FAIL,FAIL,PASS,PASS,WARN,FAIL,FAIL,45.45
RAPiD-Genomics_GW1804061006_UFE_172202_P05_WE12_i5-509_i7-156_S444_L001_R2_001_fastqc,PASS,PASS,PASS,FAIL,FAIL,FAIL,PASS,PASS,WARN,FAIL,FAIL,45.45
RAPiD-Genomics_HLY23BBXX_UFE_172202_P05_WG03_i5-509_i7-171_S459_L001_R2_001_fastqc,PASS,PASS,PASS,FAIL,FAIL,FAIL,PASS,PASS,WARN,FAIL,FAIL,45.45
RAPiD-Genomics_GW1804061006_UFE_172202_P05_WD06_i5-509_i7-138_S426_L001_R1_001_fastqc,PASS,PASS,PASS,FAIL,FAIL,FAIL,PASS,PASS,WARN,FAIL,FAIL,45.45
RAPiD-Genomics_HLY23BBXX_UFE_172202_P05_WD11_i5-509_i7-143_S431_L002_R1_001_fastqc,PASS,PASS,PASS,FAIL,FAIL,WARN,PASS,PASS,WARN,FAIL,FAIL,45.45
RAPiD-Genomics_GW1804061006_UFE_172202_P05_WE11_i5-509_i7-155_S443_L001_R2_001_fastqc,PASS,PASS,PASS,FAIL,FAIL,FAIL,PASS,PASS,WARN,FAIL,FAIL,45.45
RAPiD-Genomics_HLY23BBXX_UFE_172202_P05_WE01_i5-509_i7-145_S433_L001_R2_001_fastqc,PASS,PASS,PASS,FAIL,FAIL,FAIL,PASS,PASS,WARN,FAIL,FAIL,45.45
RAPiD-Genomics_HLY23BBXX_UFE_172202_P05_WF03_i5-509_i7-159_S447_L001_R2_001_fastqc,PASS,PASS,PASS,FAIL,FAIL,FAIL,PASS,PASS,WARN,FAIL,FAIL,45.45
RAPiD-Genomics_HLY23BBXX_UFE_172202_P05_WD12_i5-509_i7-144_S432_L001_R2_001_fastqc,PASS,PASS,PASS,FAIL,FAIL,FAIL,PASS,PASS,WARN,FAIL,FAIL,45.45
RAPiD-Genomics_GW1804061006_UFE_172202_P05_WE05_i5-509_i7-149_S437_L002_R2_001_fastqc,PASS,WARN,PASS,FAIL,FAIL,WARN,PASS,PASS,FAIL,FAIL,FAIL,36.36
RAPiD-Genomics_HLY23BBXX_UFE_172202_P05_WD04_i5-509_i7-136_S424_L002_R2_001_fastqc,PASS,PASS,PASS,FAIL,FAIL,FAIL,PASS,PASS,WARN,FAIL,FAIL,45.45
RAPiD-Genomics_GW180220900_UFE_172202_P05_WE05_i5-509_i7-149_S836_L005_R1_001_fastqc,PASS,PASS,PASS,FAIL,FAIL,FAIL,PASS,PASS,WARN,FAIL,FAIL,45.45
RAPiD-Genomics_GW180409000_UFE_172202_P05_WG03_i5-509_i7-171_S459_L001_R2_001_fastqc,PASS,PASS,PASS,WARN,FAIL,FAIL,PASS,PASS,FAIL,FAIL,FAIL,45.45
RAPiD-Genomics_GW180409000_UFE_172202_P05_WF12_i5-509_i7-168_S456_L001_R1_001_fastqc,PASS,PASS,PASS,FAIL,FAIL,FAIL,PASS,PASS,FAIL,FAIL,FAIL,45.45
RAPiD-Genomics_GW1804061006_UFE_172202_P05_WE01_i5-509_i7-145_S433_L002_R2_001_fastqc,PASS,WARN,WARN,FAIL,FAIL,FAIL,PASS,PASS,WARN,FAIL,FAIL,27.27
RAPiD-Genomics_GW180409000_UFE_172202_P05_WD10_i5-509_i7-142_S430_L001_R2_001_fastqc,PASS,PASS,PASS,WARN,FAIL,FAIL,PASS,PASS,FAIL,FAIL,FAIL,45.45
RAPiD-Genomics_GW1804061006_UFE_172202_P05_WD06_i5-509_i7-138_S426_L001_R2_001_fastqc,PASS,PASS,PASS,FAIL,FAIL,FAIL,PASS,PASS,WARN,FAIL,FAIL,45.45
RAPiD-Genomics_HLY23BBXX_UFE_172202_P05_WF12_i5-509_i7-168_S456_L001_R1_001_fastqc,PASS,PASS,PASS,FAIL,FAIL,FAIL,PASS,PASS,WARN,FAIL,FAIL,45.45
RAPiD-Genomics_HLY23BBXX_UFE_172202_P05_WD02_i5-509_i7-134_S422_L001_R2_001_fastqc,PASS,PASS,PASS,FAIL,FAIL,FAIL,PASS,PASS,WARN,FAIL,FAIL,45.45
RAPiD-Genomics_HLY23BBXX_UFE_172202_P05_WD10_i5-509_i7-142_S430_L003_R2_001_fastqc,PASS,PASS,PASS,FAIL,FAIL,FAIL,PASS,PASS,WARN,FAIL,FAIL,45.45
